ISO-10303-21;
HEADER;
/* Generated by software containing ST-Developer
 * from STEP Tools, Inc. (www.steptools.com) 
 */

FILE_DESCRIPTION(
/* description */ (''),
/* implementation_level */ '2;1');

FILE_NAME(
/* name */ 'AirLog-E (together, no-placeholder-components).step',
/* time_stamp */ '2026-10-04T19:32:45+01:00',
/* author */ (''),
/* organization */ (''),
/* preprocessor_version */ 'ST-DEVELOPER v20.2',
/* originating_system */ 'Autodesk Translation Framework v15.15.0.0',
/* authorisation */ '');

FILE_SCHEMA (('AUTOMOTIVE_DESIGN { 1 0 10303 214 3 1 1 }'));
ENDSEC;

DATA;
#10=MECHANICAL_DESIGN_GEOMETRIC_PRESENTATION_REPRESENTATION('',(#22,#23,
#24),#5784);
#11=SHAPE_REPRESENTATION_RELATIONSHIP('SRR','None',#5791,#12);
#12=ADVANCED_BREP_SHAPE_REPRESENTATION('',(#25,#26,#27),#5783);
#13=B_SPLINE_CURVE_WITH_KNOTS('',3,(#5385,#5386,#5387,#5388,#5389,#5390,
#5391,#5392,#5393,#5394),.UNSPECIFIED.,.F.,.F.,(4,2,2,2,4),(0.,0.0599190798035794,
0.119838159607159,0.179757239410738,0.239676319214318),.UNSPECIFIED.);
#14=B_SPLINE_CURVE_WITH_KNOTS('',3,(#5397,#5398,#5399,#5400),
 .UNSPECIFIED.,.F.,.F.,(4,4),(0.,0.0280453690921309),.UNSPECIFIED.);
#15=B_SPLINE_CURVE_WITH_KNOTS('',3,(#5404,#5405,#5406,#5407,#5408,#5409,
#5410,#5411,#5412,#5413),.UNSPECIFIED.,.F.,.F.,(4,2,2,2,4),(0.,0.0599246000245626,
0.119849200049125,0.179773800073688,0.23969840009825),.UNSPECIFIED.);
#16=B_SPLINE_CURVE_WITH_KNOTS('',3,(#5442,#5443,#5444,#5445,#5446,#5447,
#5448,#5449,#5450,#5451),.UNSPECIFIED.,.F.,.F.,(4,2,2,2,4),(0.,0.0599878488142283,
0.119975697628457,0.179963546442685,0.239951395256913),.UNSPECIFIED.);
#17=B_SPLINE_CURVE_WITH_KNOTS('',3,(#5454,#5455,#5456,#5457),
 .UNSPECIFIED.,.F.,.F.,(4,4),(0.,0.0280449449241823),.UNSPECIFIED.);
#18=B_SPLINE_CURVE_WITH_KNOTS('',3,(#5462,#5463,#5464,#5465,#5466,#5467,
#5468,#5469,#5470,#5471),.UNSPECIFIED.,.F.,.F.,(4,2,2,2,4),(0.,0.0599243690143799,
0.11984873802876,0.17977310704314,0.239697476057519),.UNSPECIFIED.);
#19=B_SPLINE_CURVE_WITH_KNOTS('',3,(#5478,#5479,#5480,#5481),
 .UNSPECIFIED.,.F.,.F.,(4,4),(0.,0.028045373453083),.UNSPECIFIED.);
#20=B_SPLINE_CURVE_WITH_KNOTS('',3,(#5527,#5528,#5529,#5530,#5531,#5532,
#5533,#5534,#5535,#5536),.UNSPECIFIED.,.F.,.F.,(4,2,2,2,4),(0.,0.0599190798035694,
0.119838159607139,0.179757239410708,0.239676319214277),.UNSPECIFIED.);
#21=B_SPLINE_CURVE_WITH_KNOTS('',3,(#5540,#5541,#5542,#5543,#5544,#5545,
#5546,#5547,#5548,#5549),.UNSPECIFIED.,.F.,.F.,(4,2,2,2,4),(0.,0.0599190798035694,
0.119838159607139,0.179757239410708,0.239676319214277),.UNSPECIFIED.);
#22=STYLED_ITEM('',(#5800),#25);
#23=STYLED_ITEM('',(#5801),#26);
#24=STYLED_ITEM('',(#5800),#27);
#25=MANIFOLD_SOLID_BREP('Front Plate',#3492);
#26=MANIFOLD_SOLID_BREP('Main Enclosure',#3493);
#27=MANIFOLD_SOLID_BREP('Back Plate',#3494);
#28=CONICAL_SURFACE('',#3544,1.18001162530985,0.785398163397449);
#29=CONICAL_SURFACE('',#3547,1.18001162530985,0.785398163397449);
#30=CONICAL_SURFACE('',#3550,1.18001162530985,0.785398163397449);
#31=CONICAL_SURFACE('',#3553,1.18001264027091,0.785398163397449);
#32=CONICAL_SURFACE('',#3567,2.1,0.785398163397459);
#33=CONICAL_SURFACE('',#3576,2.1,0.785398163397459);
#34=CONICAL_SURFACE('',#3580,2.1,0.785398163397459);
#35=CONICAL_SURFACE('',#3584,2.1,0.785398163397459);
#36=CONICAL_SURFACE('',#3663,1.18010421294588,0.78539816339745);
#37=CONICAL_SURFACE('',#3666,1.18000005129725,0.785398163397449);
#38=CONICAL_SURFACE('',#3669,1.18001162530985,0.785398163397449);
#39=CONICAL_SURFACE('',#3677,1.17875077545551,0.785398163397444);
#40=CONICAL_SURFACE('',#3680,1.18000005129725,0.785398163397448);
#41=CONICAL_SURFACE('',#3683,1.18010421294588,0.785398163397454);
#42=CONICAL_SURFACE('',#3686,1.18001162530985,0.785398163397448);
#43=CONICAL_SURFACE('',#3694,1.18010421294588,0.785398163397448);
#44=CONICAL_SURFACE('',#3700,1.18010421294588,0.785398163397448);
#45=CONICAL_SURFACE('',#3703,1.18000005129725,0.785398163397448);
#46=CONICAL_SURFACE('',#3780,2.45,0.785398163397451);
#47=CONICAL_SURFACE('',#3783,2.45,0.785398163397451);
#48=CONICAL_SURFACE('',#3786,2.45,0.785398163397448);
#49=CONICAL_SURFACE('',#3789,2.45,0.785398163397448);
#50=FACE_BOUND('',#1216,.T.);
#51=FACE_BOUND('',#1217,.T.);
#52=FACE_BOUND('',#1218,.T.);
#53=FACE_BOUND('',#1219,.T.);
#54=FACE_BOUND('',#1220,.T.);
#55=FACE_BOUND('',#1229,.T.);
#56=FACE_BOUND('',#1230,.T.);
#57=FACE_BOUND('',#1231,.T.);
#58=FACE_BOUND('',#1232,.T.);
#59=FACE_BOUND('',#1233,.T.);
#60=FACE_BOUND('',#1247,.T.);
#61=FACE_BOUND('',#1252,.T.);
#62=FACE_BOUND('',#1253,.T.);
#63=FACE_BOUND('',#1254,.T.);
#64=FACE_BOUND('',#1255,.T.);
#65=FACE_BOUND('',#1256,.T.);
#66=FACE_BOUND('',#1268,.T.);
#67=FACE_BOUND('',#1269,.T.);
#68=FACE_BOUND('',#1327,.T.);
#69=FACE_BOUND('',#1330,.T.);
#70=FACE_BOUND('',#1335,.T.);
#71=FACE_BOUND('',#1338,.T.);
#72=FACE_BOUND('',#1347,.T.);
#73=FACE_BOUND('',#1355,.T.);
#74=FACE_BOUND('',#1358,.T.);
#75=FACE_BOUND('',#1364,.T.);
#76=FACE_BOUND('',#1366,.T.);
#77=FACE_BOUND('',#1368,.T.);
#78=FACE_BOUND('',#1370,.T.);
#79=FACE_BOUND('',#1372,.T.);
#80=FACE_BOUND('',#1386,.T.);
#81=FACE_BOUND('',#1387,.T.);
#82=FACE_BOUND('',#1389,.T.);
#83=FACE_BOUND('',#1390,.T.);
#84=FACE_BOUND('',#1391,.T.);
#85=FACE_BOUND('',#1392,.T.);
#86=FACE_BOUND('',#1393,.T.);
#87=FACE_BOUND('',#1401,.T.);
#88=FACE_BOUND('',#1402,.T.);
#89=FACE_BOUND('',#1403,.T.);
#90=FACE_BOUND('',#1404,.T.);
#91=FACE_BOUND('',#1405,.T.);
#92=FACE_BOUND('',#1409,.T.);
#93=FACE_BOUND('',#1410,.T.);
#94=FACE_BOUND('',#1411,.T.);
#95=FACE_BOUND('',#1412,.T.);
#96=FACE_BOUND('',#1415,.T.);
#97=FACE_BOUND('',#1416,.T.);
#98=FACE_BOUND('',#1417,.T.);
#99=FACE_BOUND('',#1418,.T.);
#100=FACE_BOUND('',#1432,.T.);
#101=FACE_BOUND('',#1433,.T.);
#102=FACE_BOUND('',#1434,.T.);
#103=FACE_BOUND('',#1435,.T.);
#104=FACE_BOUND('',#1436,.T.);
#105=FACE_BOUND('',#1438,.T.);
#106=FACE_BOUND('',#1439,.T.);
#107=FACE_BOUND('',#1440,.T.);
#108=FACE_BOUND('',#1441,.T.);
#109=FACE_BOUND('',#1442,.T.);
#110=PLANE('',#3525);
#111=PLANE('',#3526);
#112=PLANE('',#3527);
#113=PLANE('',#3532);
#114=PLANE('',#3533);
#115=PLANE('',#3534);
#116=PLANE('',#3535);
#117=PLANE('',#3536);
#118=PLANE('',#3537);
#119=PLANE('',#3538);
#120=PLANE('',#3539);
#121=PLANE('',#3556);
#122=PLANE('',#3557);
#123=PLANE('',#3558);
#124=PLANE('',#3562);
#125=PLANE('',#3564);
#126=PLANE('',#3570);
#127=PLANE('',#3588);
#128=PLANE('',#3589);
#129=PLANE('',#3590);
#130=PLANE('',#3591);
#131=PLANE('',#3592);
#132=PLANE('',#3593);
#133=PLANE('',#3594);
#134=PLANE('',#3595);
#135=PLANE('',#3596);
#136=PLANE('',#3597);
#137=PLANE('',#3598);
#138=PLANE('',#3599);
#139=PLANE('',#3600);
#140=PLANE('',#3601);
#141=PLANE('',#3602);
#142=PLANE('',#3603);
#143=PLANE('',#3604);
#144=PLANE('',#3605);
#145=PLANE('',#3606);
#146=PLANE('',#3607);
#147=PLANE('',#3608);
#148=PLANE('',#3609);
#149=PLANE('',#3610);
#150=PLANE('',#3611);
#151=PLANE('',#3612);
#152=PLANE('',#3613);
#153=PLANE('',#3614);
#154=PLANE('',#3615);
#155=PLANE('',#3616);
#156=PLANE('',#3617);
#157=PLANE('',#3618);
#158=PLANE('',#3619);
#159=PLANE('',#3620);
#160=PLANE('',#3621);
#161=PLANE('',#3622);
#162=PLANE('',#3623);
#163=PLANE('',#3624);
#164=PLANE('',#3625);
#165=PLANE('',#3626);
#166=PLANE('',#3627);
#167=PLANE('',#3628);
#168=PLANE('',#3629);
#169=PLANE('',#3630);
#170=PLANE('',#3631);
#171=PLANE('',#3632);
#172=PLANE('',#3633);
#173=PLANE('',#3634);
#174=PLANE('',#3635);
#175=PLANE('',#3636);
#176=PLANE('',#3637);
#177=PLANE('',#3638);
#178=PLANE('',#3639);
#179=PLANE('',#3640);
#180=PLANE('',#3641);
#181=PLANE('',#3642);
#182=PLANE('',#3643);
#183=PLANE('',#3644);
#184=PLANE('',#3645);
#185=PLANE('',#3646);
#186=PLANE('',#3650);
#187=PLANE('',#3651);
#188=PLANE('',#3652);
#189=PLANE('',#3653);
#190=PLANE('',#3654);
#191=PLANE('',#3658);
#192=PLANE('',#3659);
#193=PLANE('',#3660);
#194=PLANE('',#3661);
#195=PLANE('',#3662);
#196=PLANE('',#3676);
#197=PLANE('',#3693);
#198=PLANE('',#3697);
#199=PLANE('',#3708);
#200=PLANE('',#3709);
#201=PLANE('',#3711);
#202=PLANE('',#3713);
#203=PLANE('',#3714);
#204=PLANE('',#3718);
#205=PLANE('',#3719);
#206=PLANE('',#3720);
#207=PLANE('',#3722);
#208=PLANE('',#3723);
#209=PLANE('',#3724);
#210=PLANE('',#3725);
#211=PLANE('',#3728);
#212=PLANE('',#3729);
#213=PLANE('',#3730);
#214=PLANE('',#3731);
#215=PLANE('',#3732);
#216=PLANE('',#3733);
#217=PLANE('',#3734);
#218=PLANE('',#3735);
#219=PLANE('',#3736);
#220=PLANE('',#3737);
#221=PLANE('',#3738);
#222=PLANE('',#3739);
#223=PLANE('',#3740);
#224=PLANE('',#3741);
#225=PLANE('',#3742);
#226=PLANE('',#3743);
#227=PLANE('',#3747);
#228=PLANE('',#3768);
#229=PLANE('',#3769);
#230=PLANE('',#3774);
#231=PLANE('',#3779);
#232=PLANE('',#3792);
#233=PLANE('',#3793);
#234=LINE('',#4760,#607);
#235=LINE('',#4761,#608);
#236=LINE('',#4763,#609);
#237=LINE('',#4764,#610);
#238=LINE('',#4769,#611);
#239=LINE('',#4770,#612);
#240=LINE('',#4775,#613);
#241=LINE('',#4776,#614);
#242=LINE('',#4781,#615);
#243=LINE('',#4782,#616);
#244=LINE('',#4785,#617);
#245=LINE('',#4787,#618);
#246=LINE('',#4788,#619);
#247=LINE('',#4789,#620);
#248=LINE('',#4791,#621);
#249=LINE('',#4793,#622);
#250=LINE('',#4794,#623);
#251=LINE('',#4805,#624);
#252=LINE('',#4807,#625);
#253=LINE('',#4809,#626);
#254=LINE('',#4810,#627);
#255=LINE('',#4815,#628);
#256=LINE('',#4817,#629);
#257=LINE('',#4819,#630);
#258=LINE('',#4820,#631);
#259=LINE('',#4823,#632);
#260=LINE('',#4825,#633);
#261=LINE('',#4826,#634);
#262=LINE('',#4829,#635);
#263=LINE('',#4831,#636);
#264=LINE('',#4832,#637);
#265=LINE('',#4834,#638);
#266=LINE('',#4835,#639);
#267=LINE('',#4837,#640);
#268=LINE('',#4838,#641);
#269=LINE('',#4840,#642);
#270=LINE('',#4853,#643);
#271=LINE('',#4855,#644);
#272=LINE('',#4859,#645);
#273=LINE('',#4861,#646);
#274=LINE('',#4865,#647);
#275=LINE('',#4867,#648);
#276=LINE('',#4871,#649);
#277=LINE('',#4873,#650);
#278=LINE('',#4875,#651);
#279=LINE('',#4883,#652);
#280=LINE('',#4886,#653);
#281=LINE('',#4889,#654);
#282=LINE('',#4893,#655);
#283=LINE('',#4895,#656);
#284=LINE('',#4896,#657);
#285=LINE('',#4899,#658);
#286=LINE('',#4901,#659);
#287=LINE('',#4903,#660);
#288=LINE('',#4904,#661);
#289=LINE('',#4907,#662);
#290=LINE('',#4908,#663);
#291=LINE('',#4912,#664);
#292=LINE('',#4917,#665);
#293=LINE('',#4921,#666);
#294=LINE('',#4923,#667);
#295=LINE('',#4924,#668);
#296=LINE('',#4931,#669);
#297=LINE('',#4933,#670);
#298=LINE('',#4935,#671);
#299=LINE('',#4937,#672);
#300=LINE('',#4939,#673);
#301=LINE('',#4941,#674);
#302=LINE('',#4943,#675);
#303=LINE('',#4945,#676);
#304=LINE('',#4947,#677);
#305=LINE('',#4949,#678);
#306=LINE('',#4951,#679);
#307=LINE('',#4953,#680);
#308=LINE('',#4955,#681);
#309=LINE('',#4957,#682);
#310=LINE('',#4959,#683);
#311=LINE('',#4961,#684);
#312=LINE('',#4963,#685);
#313=LINE('',#4965,#686);
#314=LINE('',#4967,#687);
#315=LINE('',#4968,#688);
#316=LINE('',#4974,#689);
#317=LINE('',#4977,#690);
#318=LINE('',#4982,#691);
#319=LINE('',#4985,#692);
#320=LINE('',#4990,#693);
#321=LINE('',#4993,#694);
#322=LINE('',#4998,#695);
#323=LINE('',#5003,#696);
#324=LINE('',#5005,#697);
#325=LINE('',#5007,#698);
#326=LINE('',#5008,#699);
#327=LINE('',#5011,#700);
#328=LINE('',#5013,#701);
#329=LINE('',#5014,#702);
#330=LINE('',#5017,#703);
#331=LINE('',#5019,#704);
#332=LINE('',#5020,#705);
#333=LINE('',#5022,#706);
#334=LINE('',#5024,#707);
#335=LINE('',#5025,#708);
#336=LINE('',#5026,#709);
#337=LINE('',#5027,#710);
#338=LINE('',#5028,#711);
#339=LINE('',#5031,#712);
#340=LINE('',#5033,#713);
#341=LINE('',#5035,#714);
#342=LINE('',#5036,#715);
#343=LINE('',#5039,#716);
#344=LINE('',#5041,#717);
#345=LINE('',#5043,#718);
#346=LINE('',#5044,#719);
#347=LINE('',#5049,#720);
#348=LINE('',#5051,#721);
#349=LINE('',#5053,#722);
#350=LINE('',#5054,#723);
#351=LINE('',#5056,#724);
#352=LINE('',#5057,#725);
#353=LINE('',#5061,#726);
#354=LINE('',#5062,#727);
#355=LINE('',#5063,#728);
#356=LINE('',#5068,#729);
#357=LINE('',#5070,#730);
#358=LINE('',#5072,#731);
#359=LINE('',#5073,#732);
#360=LINE('',#5078,#733);
#361=LINE('',#5080,#734);
#362=LINE('',#5082,#735);
#363=LINE('',#5083,#736);
#364=LINE('',#5087,#737);
#365=LINE('',#5088,#738);
#366=LINE('',#5089,#739);
#367=LINE('',#5093,#740);
#368=LINE('',#5094,#741);
#369=LINE('',#5095,#742);
#370=LINE('',#5097,#743);
#371=LINE('',#5099,#744);
#372=LINE('',#5102,#745);
#373=LINE('',#5103,#746);
#374=LINE('',#5105,#747);
#375=LINE('',#5106,#748);
#376=LINE('',#5110,#749);
#377=LINE('',#5111,#750);
#378=LINE('',#5114,#751);
#379=LINE('',#5115,#752);
#380=LINE('',#5117,#753);
#381=LINE('',#5120,#754);
#382=LINE('',#5121,#755);
#383=LINE('',#5123,#756);
#384=LINE('',#5124,#757);
#385=LINE('',#5129,#758);
#386=LINE('',#5131,#759);
#387=LINE('',#5133,#760);
#388=LINE('',#5134,#761);
#389=LINE('',#5137,#762);
#390=LINE('',#5139,#763);
#391=LINE('',#5140,#764);
#392=LINE('',#5143,#765);
#393=LINE('',#5145,#766);
#394=LINE('',#5146,#767);
#395=LINE('',#5148,#768);
#396=LINE('',#5149,#769);
#397=LINE('',#5153,#770);
#398=LINE('',#5155,#771);
#399=LINE('',#5157,#772);
#400=LINE('',#5158,#773);
#401=LINE('',#5161,#774);
#402=LINE('',#5163,#775);
#403=LINE('',#5164,#776);
#404=LINE('',#5167,#777);
#405=LINE('',#5169,#778);
#406=LINE('',#5170,#779);
#407=LINE('',#5172,#780);
#408=LINE('',#5173,#781);
#409=LINE('',#5177,#782);
#410=LINE('',#5179,#783);
#411=LINE('',#5181,#784);
#412=LINE('',#5182,#785);
#413=LINE('',#5185,#786);
#414=LINE('',#5187,#787);
#415=LINE('',#5188,#788);
#416=LINE('',#5191,#789);
#417=LINE('',#5193,#790);
#418=LINE('',#5194,#791);
#419=LINE('',#5196,#792);
#420=LINE('',#5197,#793);
#421=LINE('',#5201,#794);
#422=LINE('',#5203,#795);
#423=LINE('',#5205,#796);
#424=LINE('',#5206,#797);
#425=LINE('',#5209,#798);
#426=LINE('',#5211,#799);
#427=LINE('',#5212,#800);
#428=LINE('',#5215,#801);
#429=LINE('',#5217,#802);
#430=LINE('',#5218,#803);
#431=LINE('',#5220,#804);
#432=LINE('',#5221,#805);
#433=LINE('',#5225,#806);
#434=LINE('',#5227,#807);
#435=LINE('',#5229,#808);
#436=LINE('',#5230,#809);
#437=LINE('',#5233,#810);
#438=LINE('',#5235,#811);
#439=LINE('',#5236,#812);
#440=LINE('',#5239,#813);
#441=LINE('',#5241,#814);
#442=LINE('',#5242,#815);
#443=LINE('',#5244,#816);
#444=LINE('',#5245,#817);
#445=LINE('',#5249,#818);
#446=LINE('',#5251,#819);
#447=LINE('',#5253,#820);
#448=LINE('',#5254,#821);
#449=LINE('',#5257,#822);
#450=LINE('',#5259,#823);
#451=LINE('',#5260,#824);
#452=LINE('',#5263,#825);
#453=LINE('',#5265,#826);
#454=LINE('',#5266,#827);
#455=LINE('',#5268,#828);
#456=LINE('',#5269,#829);
#457=LINE('',#5273,#830);
#458=LINE('',#5275,#831);
#459=LINE('',#5277,#832);
#460=LINE('',#5278,#833);
#461=LINE('',#5281,#834);
#462=LINE('',#5283,#835);
#463=LINE('',#5284,#836);
#464=LINE('',#5287,#837);
#465=LINE('',#5289,#838);
#466=LINE('',#5290,#839);
#467=LINE('',#5292,#840);
#468=LINE('',#5293,#841);
#469=LINE('',#5297,#842);
#470=LINE('',#5299,#843);
#471=LINE('',#5301,#844);
#472=LINE('',#5302,#845);
#473=LINE('',#5305,#846);
#474=LINE('',#5307,#847);
#475=LINE('',#5308,#848);
#476=LINE('',#5311,#849);
#477=LINE('',#5313,#850);
#478=LINE('',#5314,#851);
#479=LINE('',#5316,#852);
#480=LINE('',#5317,#853);
#481=LINE('',#5322,#854);
#482=LINE('',#5327,#855);
#483=LINE('',#5329,#856);
#484=LINE('',#5331,#857);
#485=LINE('',#5332,#858);
#486=LINE('',#5335,#859);
#487=LINE('',#5337,#860);
#488=LINE('',#5338,#861);
#489=LINE('',#5341,#862);
#490=LINE('',#5343,#863);
#491=LINE('',#5344,#864);
#492=LINE('',#5346,#865);
#493=LINE('',#5347,#866);
#494=LINE('',#5353,#867);
#495=LINE('',#5358,#868);
#496=LINE('',#5360,#869);
#497=LINE('',#5362,#870);
#498=LINE('',#5363,#871);
#499=LINE('',#5366,#872);
#500=LINE('',#5368,#873);
#501=LINE('',#5369,#874);
#502=LINE('',#5372,#875);
#503=LINE('',#5374,#876);
#504=LINE('',#5375,#877);
#505=LINE('',#5377,#878);
#506=LINE('',#5378,#879);
#507=LINE('',#5421,#880);
#508=LINE('',#5424,#881);
#509=LINE('',#5427,#882);
#510=LINE('',#5431,#883);
#511=LINE('',#5433,#884);
#512=LINE('',#5435,#885);
#513=LINE('',#5436,#886);
#514=LINE('',#5487,#887);
#515=LINE('',#5490,#888);
#516=LINE('',#5493,#889);
#517=LINE('',#5497,#890);
#518=LINE('',#5499,#891);
#519=LINE('',#5501,#892);
#520=LINE('',#5502,#893);
#521=LINE('',#5507,#894);
#522=LINE('',#5512,#895);
#523=LINE('',#5514,#896);
#524=LINE('',#5516,#897);
#525=LINE('',#5518,#898);
#526=LINE('',#5519,#899);
#527=LINE('',#5523,#900);
#528=LINE('',#5556,#901);
#529=LINE('',#5559,#902);
#530=LINE('',#5563,#903);
#531=LINE('',#5565,#904);
#532=LINE('',#5567,#905);
#533=LINE('',#5569,#906);
#534=LINE('',#5570,#907);
#535=LINE('',#5574,#908);
#536=LINE('',#5576,#909);
#537=LINE('',#5578,#910);
#538=LINE('',#5580,#911);
#539=LINE('',#5581,#912);
#540=LINE('',#5585,#913);
#541=LINE('',#5587,#914);
#542=LINE('',#5589,#915);
#543=LINE('',#5590,#916);
#544=LINE('',#5595,#917);
#545=LINE('',#5597,#918);
#546=LINE('',#5599,#919);
#547=LINE('',#5601,#920);
#548=LINE('',#5602,#921);
#549=LINE('',#5605,#922);
#550=LINE('',#5607,#923);
#551=LINE('',#5609,#924);
#552=LINE('',#5610,#925);
#553=LINE('',#5616,#926);
#554=LINE('',#5617,#927);
#555=LINE('',#5619,#928);
#556=LINE('',#5621,#929);
#557=LINE('',#5624,#930);
#558=LINE('',#5626,#931);
#559=LINE('',#5627,#932);
#560=LINE('',#5629,#933);
#561=LINE('',#5631,#934);
#562=LINE('',#5633,#935);
#563=LINE('',#5636,#936);
#564=LINE('',#5638,#937);
#565=LINE('',#5639,#938);
#566=LINE('',#5640,#939);
#567=LINE('',#5641,#940);
#568=LINE('',#5644,#941);
#569=LINE('',#5646,#942);
#570=LINE('',#5649,#943);
#571=LINE('',#5651,#944);
#572=LINE('',#5657,#945);
#573=LINE('',#5659,#946);
#574=LINE('',#5664,#947);
#575=LINE('',#5666,#948);
#576=LINE('',#5668,#949);
#577=LINE('',#5669,#950);
#578=LINE('',#5674,#951);
#579=LINE('',#5678,#952);
#580=LINE('',#5680,#953);
#581=LINE('',#5681,#954);
#582=LINE('',#5696,#955);
#583=LINE('',#5697,#956);
#584=LINE('',#5709,#957);
#585=LINE('',#5710,#958);
#586=LINE('',#5715,#959);
#587=LINE('',#5716,#960);
#588=LINE('',#5718,#961);
#589=LINE('',#5719,#962);
#590=LINE('',#5724,#963);
#591=LINE('',#5725,#964);
#592=LINE('',#5728,#965);
#593=LINE('',#5729,#966);
#594=LINE('',#5732,#967);
#595=LINE('',#5733,#968);
#596=LINE('',#5734,#969);
#597=LINE('',#5744,#970);
#598=LINE('',#5754,#971);
#599=LINE('',#5757,#972);
#600=LINE('',#5760,#973);
#601=LINE('',#5763,#974);
#602=LINE('',#5766,#975);
#603=LINE('',#5769,#976);
#604=LINE('',#5772,#977);
#605=LINE('',#5775,#978);
#606=LINE('',#5778,#979);
#607=VECTOR('',#3816,10.);
#608=VECTOR('',#3817,10.);
#609=VECTOR('',#3820,10.);
#610=VECTOR('',#3821,10.);
#611=VECTOR('',#3826,10.);
#612=VECTOR('',#3827,10.);
#613=VECTOR('',#3832,10.);
#614=VECTOR('',#3833,10.);
#615=VECTOR('',#3838,10.);
#616=VECTOR('',#3839,10.);
#617=VECTOR('',#3842,10.);
#618=VECTOR('',#3843,10.);
#619=VECTOR('',#3844,10.);
#620=VECTOR('',#3845,10.);
#621=VECTOR('',#3848,10.);
#622=VECTOR('',#3851,10.);
#623=VECTOR('',#3852,10.);
#624=VECTOR('',#3861,10.);
#625=VECTOR('',#3862,10.);
#626=VECTOR('',#3863,10.);
#627=VECTOR('',#3864,10.);
#628=VECTOR('',#3869,10.);
#629=VECTOR('',#3870,10.);
#630=VECTOR('',#3871,10.);
#631=VECTOR('',#3872,10.);
#632=VECTOR('',#3875,10.);
#633=VECTOR('',#3876,10.);
#634=VECTOR('',#3877,10.);
#635=VECTOR('',#3880,10.);
#636=VECTOR('',#3881,10.);
#637=VECTOR('',#3882,10.);
#638=VECTOR('',#3885,10.);
#639=VECTOR('',#3886,10.);
#640=VECTOR('',#3889,10.);
#641=VECTOR('',#3890,10.);
#642=VECTOR('',#3893,10.);
#643=VECTOR('',#3908,1.18001162530985);
#644=VECTOR('',#3911,1.08001162530985);
#645=VECTOR('',#3916,1.18001162530985);
#646=VECTOR('',#3919,1.08001162530985);
#647=VECTOR('',#3924,1.18001162530985);
#648=VECTOR('',#3927,1.08001162530985);
#649=VECTOR('',#3932,1.18001264027091);
#650=VECTOR('',#3935,1.08001264027091);
#651=VECTOR('',#3938,10.);
#652=VECTOR('',#3947,10.);
#653=VECTOR('',#3950,10.);
#654=VECTOR('',#3953,10.);
#655=VECTOR('',#3956,10.);
#656=VECTOR('',#3957,10.);
#657=VECTOR('',#3958,10.);
#658=VECTOR('',#3959,10.);
#659=VECTOR('',#3960,10.);
#660=VECTOR('',#3961,10.);
#661=VECTOR('',#3962,10.);
#662=VECTOR('',#3965,10.);
#663=VECTOR('',#3966,10.);
#664=VECTOR('',#3971,10.);
#665=VECTOR('',#3976,2.1);
#666=VECTOR('',#3981,10.);
#667=VECTOR('',#3982,10.);
#668=VECTOR('',#3983,10.);
#669=VECTOR('',#3988,10.);
#670=VECTOR('',#3989,10.);
#671=VECTOR('',#3990,10.);
#672=VECTOR('',#3991,10.);
#673=VECTOR('',#3992,10.);
#674=VECTOR('',#3993,10.);
#675=VECTOR('',#3994,10.);
#676=VECTOR('',#3995,10.);
#677=VECTOR('',#3996,10.);
#678=VECTOR('',#3997,10.);
#679=VECTOR('',#3998,10.);
#680=VECTOR('',#3999,10.);
#681=VECTOR('',#4000,10.);
#682=VECTOR('',#4001,10.);
#683=VECTOR('',#4002,10.);
#684=VECTOR('',#4003,10.);
#685=VECTOR('',#4004,10.);
#686=VECTOR('',#4005,10.);
#687=VECTOR('',#4006,10.);
#688=VECTOR('',#4007,10.);
#689=VECTOR('',#4014,2.);
#690=VECTOR('',#4017,2.1);
#691=VECTOR('',#4024,2.);
#692=VECTOR('',#4027,2.1);
#693=VECTOR('',#4034,2.);
#694=VECTOR('',#4037,2.1);
#695=VECTOR('',#4044,2.);
#696=VECTOR('',#4049,10.);
#697=VECTOR('',#4050,10.);
#698=VECTOR('',#4051,10.);
#699=VECTOR('',#4052,10.);
#700=VECTOR('',#4055,10.);
#701=VECTOR('',#4056,10.);
#702=VECTOR('',#4057,10.);
#703=VECTOR('',#4060,10.);
#704=VECTOR('',#4061,10.);
#705=VECTOR('',#4062,10.);
#706=VECTOR('',#4063,10.);
#707=VECTOR('',#4064,10.);
#708=VECTOR('',#4065,10.);
#709=VECTOR('',#4066,10.);
#710=VECTOR('',#4067,10.);
#711=VECTOR('',#4068,10.);
#712=VECTOR('',#4069,10.);
#713=VECTOR('',#4070,10.);
#714=VECTOR('',#4071,10.);
#715=VECTOR('',#4072,10.);
#716=VECTOR('',#4073,10.);
#717=VECTOR('',#4074,10.);
#718=VECTOR('',#4075,10.);
#719=VECTOR('',#4076,10.);
#720=VECTOR('',#4081,10.);
#721=VECTOR('',#4082,10.);
#722=VECTOR('',#4083,10.);
#723=VECTOR('',#4084,10.);
#724=VECTOR('',#4087,10.);
#725=VECTOR('',#4088,10.);
#726=VECTOR('',#4091,10.);
#727=VECTOR('',#4092,10.);
#728=VECTOR('',#4093,10.);
#729=VECTOR('',#4098,10.);
#730=VECTOR('',#4099,10.);
#731=VECTOR('',#4100,10.);
#732=VECTOR('',#4101,10.);
#733=VECTOR('',#4106,10.);
#734=VECTOR('',#4107,10.);
#735=VECTOR('',#4108,10.);
#736=VECTOR('',#4109,10.);
#737=VECTOR('',#4112,10.);
#738=VECTOR('',#4113,10.);
#739=VECTOR('',#4114,10.);
#740=VECTOR('',#4117,10.);
#741=VECTOR('',#4118,10.);
#742=VECTOR('',#4119,10.);
#743=VECTOR('',#4122,10.);
#744=VECTOR('',#4125,10.);
#745=VECTOR('',#4130,10.);
#746=VECTOR('',#4131,10.);
#747=VECTOR('',#4134,10.);
#748=VECTOR('',#4135,10.);
#749=VECTOR('',#4140,10.);
#750=VECTOR('',#4141,10.);
#751=VECTOR('',#4144,10.);
#752=VECTOR('',#4145,10.);
#753=VECTOR('',#4148,10.);
#754=VECTOR('',#4153,10.);
#755=VECTOR('',#4154,10.);
#756=VECTOR('',#4157,10.);
#757=VECTOR('',#4158,10.);
#758=VECTOR('',#4163,10.);
#759=VECTOR('',#4164,10.);
#760=VECTOR('',#4165,10.);
#761=VECTOR('',#4166,10.);
#762=VECTOR('',#4169,10.);
#763=VECTOR('',#4170,10.);
#764=VECTOR('',#4171,10.);
#765=VECTOR('',#4174,10.);
#766=VECTOR('',#4175,10.);
#767=VECTOR('',#4176,10.);
#768=VECTOR('',#4179,10.);
#769=VECTOR('',#4180,10.);
#770=VECTOR('',#4183,10.);
#771=VECTOR('',#4184,10.);
#772=VECTOR('',#4185,10.);
#773=VECTOR('',#4186,10.);
#774=VECTOR('',#4189,10.);
#775=VECTOR('',#4190,10.);
#776=VECTOR('',#4191,10.);
#777=VECTOR('',#4194,10.);
#778=VECTOR('',#4195,10.);
#779=VECTOR('',#4196,10.);
#780=VECTOR('',#4199,10.);
#781=VECTOR('',#4200,10.);
#782=VECTOR('',#4203,10.);
#783=VECTOR('',#4204,10.);
#784=VECTOR('',#4205,10.);
#785=VECTOR('',#4206,10.);
#786=VECTOR('',#4209,10.);
#787=VECTOR('',#4210,10.);
#788=VECTOR('',#4211,10.);
#789=VECTOR('',#4214,10.);
#790=VECTOR('',#4215,10.);
#791=VECTOR('',#4216,10.);
#792=VECTOR('',#4219,10.);
#793=VECTOR('',#4220,10.);
#794=VECTOR('',#4223,10.);
#795=VECTOR('',#4224,10.);
#796=VECTOR('',#4225,10.);
#797=VECTOR('',#4226,10.);
#798=VECTOR('',#4229,10.);
#799=VECTOR('',#4230,10.);
#800=VECTOR('',#4231,10.);
#801=VECTOR('',#4234,10.);
#802=VECTOR('',#4235,10.);
#803=VECTOR('',#4236,10.);
#804=VECTOR('',#4239,10.);
#805=VECTOR('',#4240,10.);
#806=VECTOR('',#4243,10.);
#807=VECTOR('',#4244,10.);
#808=VECTOR('',#4245,10.);
#809=VECTOR('',#4246,10.);
#810=VECTOR('',#4249,10.);
#811=VECTOR('',#4250,10.);
#812=VECTOR('',#4251,10.);
#813=VECTOR('',#4254,10.);
#814=VECTOR('',#4255,10.);
#815=VECTOR('',#4256,10.);
#816=VECTOR('',#4259,10.);
#817=VECTOR('',#4260,10.);
#818=VECTOR('',#4263,10.);
#819=VECTOR('',#4264,10.);
#820=VECTOR('',#4265,10.);
#821=VECTOR('',#4266,10.);
#822=VECTOR('',#4269,10.);
#823=VECTOR('',#4270,10.);
#824=VECTOR('',#4271,10.);
#825=VECTOR('',#4274,10.);
#826=VECTOR('',#4275,10.);
#827=VECTOR('',#4276,10.);
#828=VECTOR('',#4279,10.);
#829=VECTOR('',#4280,10.);
#830=VECTOR('',#4283,10.);
#831=VECTOR('',#4284,10.);
#832=VECTOR('',#4285,10.);
#833=VECTOR('',#4286,10.);
#834=VECTOR('',#4289,10.);
#835=VECTOR('',#4290,10.);
#836=VECTOR('',#4291,10.);
#837=VECTOR('',#4294,10.);
#838=VECTOR('',#4295,10.);
#839=VECTOR('',#4296,10.);
#840=VECTOR('',#4299,10.);
#841=VECTOR('',#4300,10.);
#842=VECTOR('',#4303,10.);
#843=VECTOR('',#4304,10.);
#844=VECTOR('',#4305,10.);
#845=VECTOR('',#4306,10.);
#846=VECTOR('',#4309,10.);
#847=VECTOR('',#4310,10.);
#848=VECTOR('',#4311,10.);
#849=VECTOR('',#4314,10.);
#850=VECTOR('',#4315,10.);
#851=VECTOR('',#4316,10.);
#852=VECTOR('',#4319,10.);
#853=VECTOR('',#4320,10.);
#854=VECTOR('',#4325,1.25);
#855=VECTOR('',#4330,10.);
#856=VECTOR('',#4331,10.);
#857=VECTOR('',#4332,10.);
#858=VECTOR('',#4333,10.);
#859=VECTOR('',#4336,10.);
#860=VECTOR('',#4337,10.);
#861=VECTOR('',#4338,10.);
#862=VECTOR('',#4341,10.);
#863=VECTOR('',#4342,10.);
#864=VECTOR('',#4343,10.);
#865=VECTOR('',#4346,10.);
#866=VECTOR('',#4347,10.);
#867=VECTOR('',#4354,1.25);
#868=VECTOR('',#4359,10.);
#869=VECTOR('',#4360,10.);
#870=VECTOR('',#4361,10.);
#871=VECTOR('',#4362,10.);
#872=VECTOR('',#4365,10.);
#873=VECTOR('',#4366,10.);
#874=VECTOR('',#4367,10.);
#875=VECTOR('',#4370,10.);
#876=VECTOR('',#4371,10.);
#877=VECTOR('',#4372,10.);
#878=VECTOR('',#4375,10.);
#879=VECTOR('',#4376,10.);
#880=VECTOR('',#4399,10.);
#881=VECTOR('',#4402,10.);
#882=VECTOR('',#4405,10.);
#883=VECTOR('',#4410,10.);
#884=VECTOR('',#4411,10.);
#885=VECTOR('',#4412,10.);
#886=VECTOR('',#4413,10.);
#887=VECTOR('',#4440,10.);
#888=VECTOR('',#4443,10.);
#889=VECTOR('',#4446,10.);
#890=VECTOR('',#4451,10.);
#891=VECTOR('',#4452,10.);
#892=VECTOR('',#4453,10.);
#893=VECTOR('',#4454,10.);
#894=VECTOR('',#4459,1.18010421294588);
#895=VECTOR('',#4464,10.);
#896=VECTOR('',#4465,10.);
#897=VECTOR('',#4466,10.);
#898=VECTOR('',#4467,10.);
#899=VECTOR('',#4468,10.);
#900=VECTOR('',#4473,1.08010421294588);
#901=VECTOR('',#4488,10.);
#902=VECTOR('',#4491,10.);
#903=VECTOR('',#4494,10.);
#904=VECTOR('',#4495,10.);
#905=VECTOR('',#4496,10.);
#906=VECTOR('',#4497,10.);
#907=VECTOR('',#4498,10.);
#908=VECTOR('',#4501,10.);
#909=VECTOR('',#4502,10.);
#910=VECTOR('',#4503,10.);
#911=VECTOR('',#4504,10.);
#912=VECTOR('',#4505,10.);
#913=VECTOR('',#4510,10.);
#914=VECTOR('',#4511,10.);
#915=VECTOR('',#4512,10.);
#916=VECTOR('',#4513,10.);
#917=VECTOR('',#4518,10.);
#918=VECTOR('',#4519,10.);
#919=VECTOR('',#4520,10.);
#920=VECTOR('',#4521,10.);
#921=VECTOR('',#4522,10.);
#922=VECTOR('',#4525,10.);
#923=VECTOR('',#4526,10.);
#924=VECTOR('',#4527,10.);
#925=VECTOR('',#4528,10.);
#926=VECTOR('',#4537,10.);
#927=VECTOR('',#4538,10.);
#928=VECTOR('',#4541,10.);
#929=VECTOR('',#4544,10.);
#930=VECTOR('',#4549,10.);
#931=VECTOR('',#4552,10.);
#932=VECTOR('',#4553,10.);
#933=VECTOR('',#4556,10.);
#934=VECTOR('',#4559,10.);
#935=VECTOR('',#4562,10.);
#936=VECTOR('',#4567,10.);
#937=VECTOR('',#4570,10.);
#938=VECTOR('',#4571,10.);
#939=VECTOR('',#4572,10.);
#940=VECTOR('',#4573,10.);
#941=VECTOR('',#4578,10.);
#942=VECTOR('',#4581,10.);
#943=VECTOR('',#4586,10.);
#944=VECTOR('',#4589,10.);
#945=VECTOR('',#4600,10.);
#946=VECTOR('',#4603,10.);
#947=VECTOR('',#4608,10.);
#948=VECTOR('',#4609,10.);
#949=VECTOR('',#4610,10.);
#950=VECTOR('',#4611,10.);
#951=VECTOR('',#4616,10.);
#952=VECTOR('',#4621,10.);
#953=VECTOR('',#4622,10.);
#954=VECTOR('',#4623,10.);
#955=VECTOR('',#4642,10.);
#956=VECTOR('',#4643,10.);
#957=VECTOR('',#4656,10.);
#958=VECTOR('',#4657,10.);
#959=VECTOR('',#4662,10.);
#960=VECTOR('',#4663,10.);
#961=VECTOR('',#4666,10.);
#962=VECTOR('',#4667,10.);
#963=VECTOR('',#4672,10.);
#964=VECTOR('',#4673,10.);
#965=VECTOR('',#4676,10.);
#966=VECTOR('',#4677,10.);
#967=VECTOR('',#4680,10.);
#968=VECTOR('',#4681,10.);
#969=VECTOR('',#4682,10.);
#970=VECTOR('',#4693,10.);
#971=VECTOR('',#4704,10.);
#972=VECTOR('',#4707,2.45);
#973=VECTOR('',#4712,2.2);
#974=VECTOR('',#4715,2.45);
#975=VECTOR('',#4720,2.2);
#976=VECTOR('',#4723,2.45);
#977=VECTOR('',#4728,2.2);
#978=VECTOR('',#4731,2.45);
#979=VECTOR('',#4736,2.2);
#980=CYLINDRICAL_SURFACE('',#3516,1.);
#981=CYLINDRICAL_SURFACE('',#3518,1.);
#982=CYLINDRICAL_SURFACE('',#3519,1.);
#983=CYLINDRICAL_SURFACE('',#3521,1.);
#984=CYLINDRICAL_SURFACE('',#3523,1.);
#985=CYLINDRICAL_SURFACE('',#3546,1.08001162530985);
#986=CYLINDRICAL_SURFACE('',#3549,1.08001162530985);
#987=CYLINDRICAL_SURFACE('',#3552,1.08001162530985);
#988=CYLINDRICAL_SURFACE('',#3555,1.08001264027091);
#989=CYLINDRICAL_SURFACE('',#3559,1.);
#990=CYLINDRICAL_SURFACE('',#3565,1.);
#991=CYLINDRICAL_SURFACE('',#3574,2.);
#992=CYLINDRICAL_SURFACE('',#3578,2.);
#993=CYLINDRICAL_SURFACE('',#3582,2.);
#994=CYLINDRICAL_SURFACE('',#3586,2.);
#995=CYLINDRICAL_SURFACE('',#3647,1.25);
#996=CYLINDRICAL_SURFACE('',#3655,1.25);
#997=CYLINDRICAL_SURFACE('',#3672,1.08000005129725);
#998=CYLINDRICAL_SURFACE('',#3674,1.08010421294588);
#999=CYLINDRICAL_SURFACE('',#3689,1.08001162530985);
#1000=CYLINDRICAL_SURFACE('',#3691,1.07875077545551);
#1001=CYLINDRICAL_SURFACE('',#3698,1.08010421294588);
#1002=CYLINDRICAL_SURFACE('',#3706,1.08010421294588);
#1003=CYLINDRICAL_SURFACE('',#3717,1.08000005129725);
#1004=CYLINDRICAL_SURFACE('',#3721,1.08001162530985);
#1005=CYLINDRICAL_SURFACE('',#3726,1.08010421294588);
#1006=CYLINDRICAL_SURFACE('',#3727,1.08000005129725);
#1007=CYLINDRICAL_SURFACE('',#3744,3.28100985572785);
#1008=CYLINDRICAL_SURFACE('',#3748,3.28097984811467);
#1009=CYLINDRICAL_SURFACE('',#3755,1.);
#1010=CYLINDRICAL_SURFACE('',#3761,1.);
#1011=CYLINDRICAL_SURFACE('',#3763,1.);
#1012=CYLINDRICAL_SURFACE('',#3765,1.);
#1013=CYLINDRICAL_SURFACE('',#3766,1.);
#1014=CYLINDRICAL_SURFACE('',#3782,2.2);
#1015=CYLINDRICAL_SURFACE('',#3785,2.2);
#1016=CYLINDRICAL_SURFACE('',#3788,2.2);
#1017=CYLINDRICAL_SURFACE('',#3791,2.2);
#1018=FACE_OUTER_BOUND('',#1206,.T.);
#1019=FACE_OUTER_BOUND('',#1207,.T.);
#1020=FACE_OUTER_BOUND('',#1208,.T.);
#1021=FACE_OUTER_BOUND('',#1209,.T.);
#1022=FACE_OUTER_BOUND('',#1210,.T.);
#1023=FACE_OUTER_BOUND('',#1211,.T.);
#1024=FACE_OUTER_BOUND('',#1212,.T.);
#1025=FACE_OUTER_BOUND('',#1213,.T.);
#1026=FACE_OUTER_BOUND('',#1214,.T.);
#1027=FACE_OUTER_BOUND('',#1215,.T.);
#1028=FACE_OUTER_BOUND('',#1221,.T.);
#1029=FACE_OUTER_BOUND('',#1222,.T.);
#1030=FACE_OUTER_BOUND('',#1223,.T.);
#1031=FACE_OUTER_BOUND('',#1224,.T.);
#1032=FACE_OUTER_BOUND('',#1225,.T.);
#1033=FACE_OUTER_BOUND('',#1226,.T.);
#1034=FACE_OUTER_BOUND('',#1227,.T.);
#1035=FACE_OUTER_BOUND('',#1228,.T.);
#1036=FACE_OUTER_BOUND('',#1234,.T.);
#1037=FACE_OUTER_BOUND('',#1235,.T.);
#1038=FACE_OUTER_BOUND('',#1236,.T.);
#1039=FACE_OUTER_BOUND('',#1237,.T.);
#1040=FACE_OUTER_BOUND('',#1238,.T.);
#1041=FACE_OUTER_BOUND('',#1239,.T.);
#1042=FACE_OUTER_BOUND('',#1240,.T.);
#1043=FACE_OUTER_BOUND('',#1241,.T.);
#1044=FACE_OUTER_BOUND('',#1242,.T.);
#1045=FACE_OUTER_BOUND('',#1243,.T.);
#1046=FACE_OUTER_BOUND('',#1244,.T.);
#1047=FACE_OUTER_BOUND('',#1245,.T.);
#1048=FACE_OUTER_BOUND('',#1246,.T.);
#1049=FACE_OUTER_BOUND('',#1248,.T.);
#1050=FACE_OUTER_BOUND('',#1249,.T.);
#1051=FACE_OUTER_BOUND('',#1250,.T.);
#1052=FACE_OUTER_BOUND('',#1251,.T.);
#1053=FACE_OUTER_BOUND('',#1257,.T.);
#1054=FACE_OUTER_BOUND('',#1258,.T.);
#1055=FACE_OUTER_BOUND('',#1259,.T.);
#1056=FACE_OUTER_BOUND('',#1260,.T.);
#1057=FACE_OUTER_BOUND('',#1261,.T.);
#1058=FACE_OUTER_BOUND('',#1262,.T.);
#1059=FACE_OUTER_BOUND('',#1263,.T.);
#1060=FACE_OUTER_BOUND('',#1264,.T.);
#1061=FACE_OUTER_BOUND('',#1265,.T.);
#1062=FACE_OUTER_BOUND('',#1266,.T.);
#1063=FACE_OUTER_BOUND('',#1267,.T.);
#1064=FACE_OUTER_BOUND('',#1270,.T.);
#1065=FACE_OUTER_BOUND('',#1271,.T.);
#1066=FACE_OUTER_BOUND('',#1272,.T.);
#1067=FACE_OUTER_BOUND('',#1273,.T.);
#1068=FACE_OUTER_BOUND('',#1274,.T.);
#1069=FACE_OUTER_BOUND('',#1275,.T.);
#1070=FACE_OUTER_BOUND('',#1276,.T.);
#1071=FACE_OUTER_BOUND('',#1277,.T.);
#1072=FACE_OUTER_BOUND('',#1278,.T.);
#1073=FACE_OUTER_BOUND('',#1279,.T.);
#1074=FACE_OUTER_BOUND('',#1280,.T.);
#1075=FACE_OUTER_BOUND('',#1281,.T.);
#1076=FACE_OUTER_BOUND('',#1282,.T.);
#1077=FACE_OUTER_BOUND('',#1283,.T.);
#1078=FACE_OUTER_BOUND('',#1284,.T.);
#1079=FACE_OUTER_BOUND('',#1285,.T.);
#1080=FACE_OUTER_BOUND('',#1286,.T.);
#1081=FACE_OUTER_BOUND('',#1287,.T.);
#1082=FACE_OUTER_BOUND('',#1288,.T.);
#1083=FACE_OUTER_BOUND('',#1289,.T.);
#1084=FACE_OUTER_BOUND('',#1290,.T.);
#1085=FACE_OUTER_BOUND('',#1291,.T.);
#1086=FACE_OUTER_BOUND('',#1292,.T.);
#1087=FACE_OUTER_BOUND('',#1293,.T.);
#1088=FACE_OUTER_BOUND('',#1294,.T.);
#1089=FACE_OUTER_BOUND('',#1295,.T.);
#1090=FACE_OUTER_BOUND('',#1296,.T.);
#1091=FACE_OUTER_BOUND('',#1297,.T.);
#1092=FACE_OUTER_BOUND('',#1298,.T.);
#1093=FACE_OUTER_BOUND('',#1299,.T.);
#1094=FACE_OUTER_BOUND('',#1300,.T.);
#1095=FACE_OUTER_BOUND('',#1301,.T.);
#1096=FACE_OUTER_BOUND('',#1302,.T.);
#1097=FACE_OUTER_BOUND('',#1303,.T.);
#1098=FACE_OUTER_BOUND('',#1304,.T.);
#1099=FACE_OUTER_BOUND('',#1305,.T.);
#1100=FACE_OUTER_BOUND('',#1306,.T.);
#1101=FACE_OUTER_BOUND('',#1307,.T.);
#1102=FACE_OUTER_BOUND('',#1308,.T.);
#1103=FACE_OUTER_BOUND('',#1309,.T.);
#1104=FACE_OUTER_BOUND('',#1310,.T.);
#1105=FACE_OUTER_BOUND('',#1311,.T.);
#1106=FACE_OUTER_BOUND('',#1312,.T.);
#1107=FACE_OUTER_BOUND('',#1313,.T.);
#1108=FACE_OUTER_BOUND('',#1314,.T.);
#1109=FACE_OUTER_BOUND('',#1315,.T.);
#1110=FACE_OUTER_BOUND('',#1316,.T.);
#1111=FACE_OUTER_BOUND('',#1317,.T.);
#1112=FACE_OUTER_BOUND('',#1318,.T.);
#1113=FACE_OUTER_BOUND('',#1319,.T.);
#1114=FACE_OUTER_BOUND('',#1320,.T.);
#1115=FACE_OUTER_BOUND('',#1321,.T.);
#1116=FACE_OUTER_BOUND('',#1322,.T.);
#1117=FACE_OUTER_BOUND('',#1323,.T.);
#1118=FACE_OUTER_BOUND('',#1324,.T.);
#1119=FACE_OUTER_BOUND('',#1325,.T.);
#1120=FACE_OUTER_BOUND('',#1326,.T.);
#1121=FACE_OUTER_BOUND('',#1328,.T.);
#1122=FACE_OUTER_BOUND('',#1329,.T.);
#1123=FACE_OUTER_BOUND('',#1331,.T.);
#1124=FACE_OUTER_BOUND('',#1332,.T.);
#1125=FACE_OUTER_BOUND('',#1333,.T.);
#1126=FACE_OUTER_BOUND('',#1334,.T.);
#1127=FACE_OUTER_BOUND('',#1336,.T.);
#1128=FACE_OUTER_BOUND('',#1337,.T.);
#1129=FACE_OUTER_BOUND('',#1339,.T.);
#1130=FACE_OUTER_BOUND('',#1340,.T.);
#1131=FACE_OUTER_BOUND('',#1341,.T.);
#1132=FACE_OUTER_BOUND('',#1342,.T.);
#1133=FACE_OUTER_BOUND('',#1343,.T.);
#1134=FACE_OUTER_BOUND('',#1344,.T.);
#1135=FACE_OUTER_BOUND('',#1345,.T.);
#1136=FACE_OUTER_BOUND('',#1346,.T.);
#1137=FACE_OUTER_BOUND('',#1348,.T.);
#1138=FACE_OUTER_BOUND('',#1349,.T.);
#1139=FACE_OUTER_BOUND('',#1350,.T.);
#1140=FACE_OUTER_BOUND('',#1351,.T.);
#1141=FACE_OUTER_BOUND('',#1352,.T.);
#1142=FACE_OUTER_BOUND('',#1353,.T.);
#1143=FACE_OUTER_BOUND('',#1354,.T.);
#1144=FACE_OUTER_BOUND('',#1356,.T.);
#1145=FACE_OUTER_BOUND('',#1357,.T.);
#1146=FACE_OUTER_BOUND('',#1359,.T.);
#1147=FACE_OUTER_BOUND('',#1360,.T.);
#1148=FACE_OUTER_BOUND('',#1361,.T.);
#1149=FACE_OUTER_BOUND('',#1362,.T.);
#1150=FACE_OUTER_BOUND('',#1363,.T.);
#1151=FACE_OUTER_BOUND('',#1365,.T.);
#1152=FACE_OUTER_BOUND('',#1367,.T.);
#1153=FACE_OUTER_BOUND('',#1369,.T.);
#1154=FACE_OUTER_BOUND('',#1371,.T.);
#1155=FACE_OUTER_BOUND('',#1373,.T.);
#1156=FACE_OUTER_BOUND('',#1374,.T.);
#1157=FACE_OUTER_BOUND('',#1375,.T.);
#1158=FACE_OUTER_BOUND('',#1376,.T.);
#1159=FACE_OUTER_BOUND('',#1377,.T.);
#1160=FACE_OUTER_BOUND('',#1378,.T.);
#1161=FACE_OUTER_BOUND('',#1379,.T.);
#1162=FACE_OUTER_BOUND('',#1380,.T.);
#1163=FACE_OUTER_BOUND('',#1381,.T.);
#1164=FACE_OUTER_BOUND('',#1382,.T.);
#1165=FACE_OUTER_BOUND('',#1383,.T.);
#1166=FACE_OUTER_BOUND('',#1384,.T.);
#1167=FACE_OUTER_BOUND('',#1385,.T.);
#1168=FACE_OUTER_BOUND('',#1388,.T.);
#1169=FACE_OUTER_BOUND('',#1394,.T.);
#1170=FACE_OUTER_BOUND('',#1395,.T.);
#1171=FACE_OUTER_BOUND('',#1396,.T.);
#1172=FACE_OUTER_BOUND('',#1397,.T.);
#1173=FACE_OUTER_BOUND('',#1398,.T.);
#1174=FACE_OUTER_BOUND('',#1399,.T.);
#1175=FACE_OUTER_BOUND('',#1400,.T.);
#1176=FACE_OUTER_BOUND('',#1406,.T.);
#1177=FACE_OUTER_BOUND('',#1407,.T.);
#1178=FACE_OUTER_BOUND('',#1408,.T.);
#1179=FACE_OUTER_BOUND('',#1413,.T.);
#1180=FACE_OUTER_BOUND('',#1414,.T.);
#1181=FACE_OUTER_BOUND('',#1419,.T.);
#1182=FACE_OUTER_BOUND('',#1420,.T.);
#1183=FACE_OUTER_BOUND('',#1421,.T.);
#1184=FACE_OUTER_BOUND('',#1422,.T.);
#1185=FACE_OUTER_BOUND('',#1423,.T.);
#1186=FACE_OUTER_BOUND('',#1424,.T.);
#1187=FACE_OUTER_BOUND('',#1425,.T.);
#1188=FACE_OUTER_BOUND('',#1426,.T.);
#1189=FACE_OUTER_BOUND('',#1427,.T.);
#1190=FACE_OUTER_BOUND('',#1428,.T.);
#1191=FACE_OUTER_BOUND('',#1429,.T.);
#1192=FACE_OUTER_BOUND('',#1430,.T.);
#1193=FACE_OUTER_BOUND('',#1431,.T.);
#1194=FACE_OUTER_BOUND('',#1437,.T.);
#1195=FACE_OUTER_BOUND('',#1443,.T.);
#1196=FACE_OUTER_BOUND('',#1444,.T.);
#1197=FACE_OUTER_BOUND('',#1445,.T.);
#1198=FACE_OUTER_BOUND('',#1446,.T.);
#1199=FACE_OUTER_BOUND('',#1447,.T.);
#1200=FACE_OUTER_BOUND('',#1448,.T.);
#1201=FACE_OUTER_BOUND('',#1449,.T.);
#1202=FACE_OUTER_BOUND('',#1450,.T.);
#1203=FACE_OUTER_BOUND('',#1451,.T.);
#1204=FACE_OUTER_BOUND('',#1452,.T.);
#1205=FACE_OUTER_BOUND('',#1453,.T.);
#1206=EDGE_LOOP('',(#2340,#2341,#2342));
#1207=EDGE_LOOP('',(#2343,#2344,#2345));
#1208=EDGE_LOOP('',(#2346,#2347,#2348,#2349));
#1209=EDGE_LOOP('',(#2350,#2351,#2352,#2353));
#1210=EDGE_LOOP('',(#2354,#2355,#2356,#2357));
#1211=EDGE_LOOP('',(#2358,#2359,#2360,#2361));
#1212=EDGE_LOOP('',(#2362,#2363,#2364,#2365));
#1213=EDGE_LOOP('',(#2366,#2367,#2368,#2369,#2370,#2371));
#1214=EDGE_LOOP('',(#2372,#2373,#2374,#2375));
#1215=EDGE_LOOP('',(#2376,#2377,#2378,#2379,#2380,#2381));
#1216=EDGE_LOOP('',(#2382));
#1217=EDGE_LOOP('',(#2383));
#1218=EDGE_LOOP('',(#2384));
#1219=EDGE_LOOP('',(#2385));
#1220=EDGE_LOOP('',(#2386,#2387,#2388,#2389));
#1221=EDGE_LOOP('',(#2390,#2391,#2392,#2393));
#1222=EDGE_LOOP('',(#2394,#2395,#2396,#2397));
#1223=EDGE_LOOP('',(#2398,#2399,#2400,#2401));
#1224=EDGE_LOOP('',(#2402,#2403,#2404,#2405));
#1225=EDGE_LOOP('',(#2406,#2407,#2408,#2409));
#1226=EDGE_LOOP('',(#2410,#2411,#2412,#2413));
#1227=EDGE_LOOP('',(#2414,#2415,#2416,#2417));
#1228=EDGE_LOOP('',(#2418,#2419,#2420,#2421));
#1229=EDGE_LOOP('',(#2422));
#1230=EDGE_LOOP('',(#2423));
#1231=EDGE_LOOP('',(#2424));
#1232=EDGE_LOOP('',(#2425));
#1233=EDGE_LOOP('',(#2426,#2427,#2428,#2429));
#1234=EDGE_LOOP('',(#2430,#2431,#2432,#2433));
#1235=EDGE_LOOP('',(#2434,#2435,#2436,#2437));
#1236=EDGE_LOOP('',(#2438,#2439,#2440,#2441));
#1237=EDGE_LOOP('',(#2442,#2443,#2444,#2445));
#1238=EDGE_LOOP('',(#2446,#2447,#2448,#2449));
#1239=EDGE_LOOP('',(#2450,#2451,#2452,#2453));
#1240=EDGE_LOOP('',(#2454,#2455,#2456,#2457));
#1241=EDGE_LOOP('',(#2458,#2459,#2460,#2461));
#1242=EDGE_LOOP('',(#2462,#2463,#2464,#2465));
#1243=EDGE_LOOP('',(#2466,#2467,#2468,#2469));
#1244=EDGE_LOOP('',(#2470,#2471,#2472,#2473));
#1245=EDGE_LOOP('',(#2474,#2475,#2476,#2477));
#1246=EDGE_LOOP('',(#2478,#2479,#2480,#2481,#2482,#2483));
#1247=EDGE_LOOP('',(#2484,#2485,#2486,#2487));
#1248=EDGE_LOOP('',(#2488,#2489,#2490,#2491));
#1249=EDGE_LOOP('',(#2492,#2493,#2494,#2495));
#1250=EDGE_LOOP('',(#2496,#2497,#2498,#2499));
#1251=EDGE_LOOP('',(#2500,#2501,#2502,#2503,#2504,#2505));
#1252=EDGE_LOOP('',(#2506));
#1253=EDGE_LOOP('',(#2507));
#1254=EDGE_LOOP('',(#2508,#2509,#2510,#2511,#2512,#2513,#2514,#2515,#2516,
#2517,#2518,#2519,#2520,#2521,#2522,#2523,#2524,#2525,#2526,#2527));
#1255=EDGE_LOOP('',(#2528));
#1256=EDGE_LOOP('',(#2529));
#1257=EDGE_LOOP('',(#2530,#2531,#2532,#2533));
#1258=EDGE_LOOP('',(#2534,#2535,#2536,#2537));
#1259=EDGE_LOOP('',(#2538,#2539,#2540,#2541));
#1260=EDGE_LOOP('',(#2542,#2543,#2544,#2545));
#1261=EDGE_LOOP('',(#2546,#2547,#2548,#2549));
#1262=EDGE_LOOP('',(#2550,#2551,#2552,#2553));
#1263=EDGE_LOOP('',(#2554,#2555,#2556,#2557));
#1264=EDGE_LOOP('',(#2558));
#1265=EDGE_LOOP('',(#2559,#2560,#2561,#2562));
#1266=EDGE_LOOP('',(#2563,#2564,#2565,#2566));
#1267=EDGE_LOOP('',(#2567,#2568,#2569,#2570,#2571,#2572,#2573,#2574,#2575,
#2576,#2577,#2578,#2579,#2580,#2581));
#1268=EDGE_LOOP('',(#2582,#2583,#2584,#2585));
#1269=EDGE_LOOP('',(#2586,#2587,#2588,#2589));
#1270=EDGE_LOOP('',(#2590));
#1271=EDGE_LOOP('',(#2591,#2592,#2593,#2594));
#1272=EDGE_LOOP('',(#2595,#2596,#2597,#2598));
#1273=EDGE_LOOP('',(#2599,#2600,#2601,#2602));
#1274=EDGE_LOOP('',(#2603));
#1275=EDGE_LOOP('',(#2604,#2605,#2606,#2607));
#1276=EDGE_LOOP('',(#2608));
#1277=EDGE_LOOP('',(#2609,#2610,#2611,#2612));
#1278=EDGE_LOOP('',(#2613,#2614,#2615,#2616));
#1279=EDGE_LOOP('',(#2617,#2618,#2619,#2620));
#1280=EDGE_LOOP('',(#2621,#2622,#2623,#2624,#2625,#2626));
#1281=EDGE_LOOP('',(#2627,#2628,#2629,#2630,#2631,#2632));
#1282=EDGE_LOOP('',(#2633,#2634,#2635,#2636));
#1283=EDGE_LOOP('',(#2637,#2638,#2639,#2640,#2641,#2642));
#1284=EDGE_LOOP('',(#2643,#2644,#2645,#2646,#2647,#2648));
#1285=EDGE_LOOP('',(#2649,#2650,#2651,#2652));
#1286=EDGE_LOOP('',(#2653,#2654,#2655,#2656,#2657,#2658));
#1287=EDGE_LOOP('',(#2659,#2660,#2661,#2662));
#1288=EDGE_LOOP('',(#2663,#2664,#2665,#2666,#2667,#2668,#2669));
#1289=EDGE_LOOP('',(#2670,#2671,#2672,#2673));
#1290=EDGE_LOOP('',(#2674,#2675,#2676,#2677));
#1291=EDGE_LOOP('',(#2678,#2679,#2680,#2681));
#1292=EDGE_LOOP('',(#2682,#2683,#2684,#2685));
#1293=EDGE_LOOP('',(#2686,#2687,#2688,#2689));
#1294=EDGE_LOOP('',(#2690,#2691,#2692,#2693));
#1295=EDGE_LOOP('',(#2694,#2695,#2696,#2697));
#1296=EDGE_LOOP('',(#2698,#2699,#2700,#2701));
#1297=EDGE_LOOP('',(#2702,#2703,#2704,#2705));
#1298=EDGE_LOOP('',(#2706,#2707,#2708,#2709));
#1299=EDGE_LOOP('',(#2710,#2711,#2712,#2713));
#1300=EDGE_LOOP('',(#2714,#2715,#2716,#2717));
#1301=EDGE_LOOP('',(#2718,#2719,#2720,#2721));
#1302=EDGE_LOOP('',(#2722,#2723,#2724,#2725));
#1303=EDGE_LOOP('',(#2726,#2727,#2728,#2729));
#1304=EDGE_LOOP('',(#2730,#2731,#2732,#2733));
#1305=EDGE_LOOP('',(#2734,#2735,#2736,#2737));
#1306=EDGE_LOOP('',(#2738,#2739,#2740,#2741));
#1307=EDGE_LOOP('',(#2742,#2743,#2744,#2745));
#1308=EDGE_LOOP('',(#2746,#2747,#2748,#2749));
#1309=EDGE_LOOP('',(#2750,#2751,#2752,#2753));
#1310=EDGE_LOOP('',(#2754,#2755,#2756,#2757));
#1311=EDGE_LOOP('',(#2758,#2759,#2760,#2761));
#1312=EDGE_LOOP('',(#2762,#2763,#2764,#2765));
#1313=EDGE_LOOP('',(#2766,#2767,#2768,#2769));
#1314=EDGE_LOOP('',(#2770,#2771,#2772,#2773));
#1315=EDGE_LOOP('',(#2774,#2775,#2776,#2777));
#1316=EDGE_LOOP('',(#2778,#2779,#2780,#2781));
#1317=EDGE_LOOP('',(#2782,#2783,#2784,#2785));
#1318=EDGE_LOOP('',(#2786,#2787,#2788,#2789));
#1319=EDGE_LOOP('',(#2790,#2791,#2792,#2793));
#1320=EDGE_LOOP('',(#2794,#2795,#2796,#2797));
#1321=EDGE_LOOP('',(#2798,#2799,#2800,#2801));
#1322=EDGE_LOOP('',(#2802,#2803,#2804,#2805));
#1323=EDGE_LOOP('',(#2806,#2807,#2808,#2809));
#1324=EDGE_LOOP('',(#2810,#2811,#2812,#2813));
#1325=EDGE_LOOP('',(#2814,#2815,#2816,#2817));
#1326=EDGE_LOOP('',(#2818,#2819,#2820,#2821));
#1327=EDGE_LOOP('',(#2822));
#1328=EDGE_LOOP('',(#2823,#2824,#2825,#2826));
#1329=EDGE_LOOP('',(#2827,#2828,#2829,#2830));
#1330=EDGE_LOOP('',(#2831));
#1331=EDGE_LOOP('',(#2832,#2833,#2834,#2835));
#1332=EDGE_LOOP('',(#2836,#2837,#2838,#2839));
#1333=EDGE_LOOP('',(#2840,#2841,#2842,#2843));
#1334=EDGE_LOOP('',(#2844,#2845,#2846,#2847));
#1335=EDGE_LOOP('',(#2848));
#1336=EDGE_LOOP('',(#2849,#2850,#2851,#2852));
#1337=EDGE_LOOP('',(#2853,#2854,#2855,#2856));
#1338=EDGE_LOOP('',(#2857));
#1339=EDGE_LOOP('',(#2858,#2859,#2860,#2861));
#1340=EDGE_LOOP('',(#2862,#2863,#2864,#2865));
#1341=EDGE_LOOP('',(#2866,#2867,#2868,#2869));
#1342=EDGE_LOOP('',(#2870,#2871,#2872,#2873));
#1343=EDGE_LOOP('',(#2874,#2875,#2876,#2877));
#1344=EDGE_LOOP('',(#2878,#2879,#2880,#2881));
#1345=EDGE_LOOP('',(#2882,#2883,#2884,#2885));
#1346=EDGE_LOOP('',(#2886,#2887,#2888,#2889,#2890));
#1347=EDGE_LOOP('',(#2891,#2892,#2893));
#1348=EDGE_LOOP('',(#2894,#2895,#2896,#2897));
#1349=EDGE_LOOP('',(#2898,#2899,#2900,#2901));
#1350=EDGE_LOOP('',(#2902,#2903,#2904,#2905));
#1351=EDGE_LOOP('',(#2906,#2907,#2908,#2909));
#1352=EDGE_LOOP('',(#2910,#2911,#2912,#2913));
#1353=EDGE_LOOP('',(#2914,#2915,#2916,#2917));
#1354=EDGE_LOOP('',(#2918,#2919,#2920,#2921,#2922));
#1355=EDGE_LOOP('',(#2923,#2924,#2925,#2926));
#1356=EDGE_LOOP('',(#2927,#2928,#2929,#2930));
#1357=EDGE_LOOP('',(#2931,#2932,#2933,#2934,#2935));
#1358=EDGE_LOOP('',(#2936));
#1359=EDGE_LOOP('',(#2937,#2938,#2939,#2940));
#1360=EDGE_LOOP('',(#2941,#2942,#2943,#2944));
#1361=EDGE_LOOP('',(#2945,#2946,#2947,#2948));
#1362=EDGE_LOOP('',(#2949,#2950,#2951,#2952));
#1363=EDGE_LOOP('',(#2953,#2954,#2955,#2956,#2957));
#1364=EDGE_LOOP('',(#2958,#2959));
#1365=EDGE_LOOP('',(#2960,#2961,#2962,#2963,#2964));
#1366=EDGE_LOOP('',(#2965,#2966));
#1367=EDGE_LOOP('',(#2967,#2968,#2969,#2970,#2971));
#1368=EDGE_LOOP('',(#2972,#2973,#2974));
#1369=EDGE_LOOP('',(#2975,#2976,#2977,#2978,#2979));
#1370=EDGE_LOOP('',(#2980));
#1371=EDGE_LOOP('',(#2981,#2982,#2983,#2984,#2985));
#1372=EDGE_LOOP('',(#2986,#2987,#2988,#2989));
#1373=EDGE_LOOP('',(#2990,#2991,#2992,#2993));
#1374=EDGE_LOOP('',(#2994,#2995,#2996,#2997));
#1375=EDGE_LOOP('',(#2998,#2999,#3000,#3001));
#1376=EDGE_LOOP('',(#3002,#3003,#3004,#3005));
#1377=EDGE_LOOP('',(#3006,#3007,#3008,#3009));
#1378=EDGE_LOOP('',(#3010,#3011,#3012,#3013));
#1379=EDGE_LOOP('',(#3014,#3015,#3016,#3017));
#1380=EDGE_LOOP('',(#3018,#3019,#3020,#3021));
#1381=EDGE_LOOP('',(#3022,#3023,#3024,#3025));
#1382=EDGE_LOOP('',(#3026,#3027,#3028,#3029));
#1383=EDGE_LOOP('',(#3030,#3031,#3032,#3033));
#1384=EDGE_LOOP('',(#3034,#3035,#3036,#3037));
#1385=EDGE_LOOP('',(#3038,#3039,#3040,#3041,#3042,#3043,#3044,#3045,#3046,
#3047,#3048,#3049));
#1386=EDGE_LOOP('',(#3050,#3051,#3052,#3053));
#1387=EDGE_LOOP('',(#3054,#3055,#3056,#3057));
#1388=EDGE_LOOP('',(#3058,#3059,#3060,#3061));
#1389=EDGE_LOOP('',(#3062,#3063,#3064,#3065));
#1390=EDGE_LOOP('',(#3066,#3067,#3068,#3069));
#1391=EDGE_LOOP('',(#3070,#3071,#3072,#3073));
#1392=EDGE_LOOP('',(#3074,#3075,#3076,#3077));
#1393=EDGE_LOOP('',(#3078,#3079,#3080,#3081));
#1394=EDGE_LOOP('',(#3082,#3083,#3084,#3085));
#1395=EDGE_LOOP('',(#3086,#3087,#3088,#3089));
#1396=EDGE_LOOP('',(#3090,#3091,#3092,#3093));
#1397=EDGE_LOOP('',(#3094,#3095,#3096,#3097));
#1398=EDGE_LOOP('',(#3098,#3099,#3100,#3101));
#1399=EDGE_LOOP('',(#3102,#3103,#3104,#3105));
#1400=EDGE_LOOP('',(#3106,#3107,#3108,#3109));
#1401=EDGE_LOOP('',(#3110,#3111,#3112,#3113));
#1402=EDGE_LOOP('',(#3114,#3115,#3116,#3117));
#1403=EDGE_LOOP('',(#3118,#3119,#3120,#3121));
#1404=EDGE_LOOP('',(#3122,#3123,#3124,#3125));
#1405=EDGE_LOOP('',(#3126,#3127,#3128,#3129));
#1406=EDGE_LOOP('',(#3130,#3131,#3132,#3133));
#1407=EDGE_LOOP('',(#3134,#3135,#3136,#3137));
#1408=EDGE_LOOP('',(#3138,#3139,#3140,#3141));
#1409=EDGE_LOOP('',(#3142,#3143,#3144,#3145));
#1410=EDGE_LOOP('',(#3146,#3147,#3148,#3149));
#1411=EDGE_LOOP('',(#3150,#3151,#3152,#3153));
#1412=EDGE_LOOP('',(#3154,#3155,#3156,#3157));
#1413=EDGE_LOOP('',(#3158,#3159,#3160,#3161));
#1414=EDGE_LOOP('',(#3162,#3163,#3164,#3165));
#1415=EDGE_LOOP('',(#3166,#3167,#3168,#3169));
#1416=EDGE_LOOP('',(#3170,#3171,#3172,#3173));
#1417=EDGE_LOOP('',(#3174,#3175,#3176,#3177));
#1418=EDGE_LOOP('',(#3178,#3179,#3180,#3181));
#1419=EDGE_LOOP('',(#3182,#3183,#3184,#3185));
#1420=EDGE_LOOP('',(#3186,#3187,#3188,#3189));
#1421=EDGE_LOOP('',(#3190,#3191,#3192,#3193));
#1422=EDGE_LOOP('',(#3194,#3195,#3196,#3197));
#1423=EDGE_LOOP('',(#3198,#3199,#3200));
#1424=EDGE_LOOP('',(#3201,#3202,#3203,#3204));
#1425=EDGE_LOOP('',(#3205,#3206,#3207));
#1426=EDGE_LOOP('',(#3208,#3209,#3210,#3211));
#1427=EDGE_LOOP('',(#3212,#3213,#3214,#3215));
#1428=EDGE_LOOP('',(#3216,#3217,#3218,#3219));
#1429=EDGE_LOOP('',(#3220,#3221,#3222,#3223));
#1430=EDGE_LOOP('',(#3224,#3225,#3226,#3227));
#1431=EDGE_LOOP('',(#3228,#3229,#3230,#3231,#3232,#3233));
#1432=EDGE_LOOP('',(#3234,#3235,#3236,#3237));
#1433=EDGE_LOOP('',(#3238));
#1434=EDGE_LOOP('',(#3239));
#1435=EDGE_LOOP('',(#3240));
#1436=EDGE_LOOP('',(#3241));
#1437=EDGE_LOOP('',(#3242,#3243,#3244,#3245));
#1438=EDGE_LOOP('',(#3246,#3247,#3248,#3249));
#1439=EDGE_LOOP('',(#3250));
#1440=EDGE_LOOP('',(#3251));
#1441=EDGE_LOOP('',(#3252));
#1442=EDGE_LOOP('',(#3253));
#1443=EDGE_LOOP('',(#3254,#3255,#3256,#3257,#3258,#3259));
#1444=EDGE_LOOP('',(#3260,#3261,#3262,#3263));
#1445=EDGE_LOOP('',(#3264,#3265,#3266,#3267));
#1446=EDGE_LOOP('',(#3268,#3269,#3270,#3271));
#1447=EDGE_LOOP('',(#3272,#3273,#3274,#3275));
#1448=EDGE_LOOP('',(#3276,#3277,#3278,#3279));
#1449=EDGE_LOOP('',(#3280,#3281,#3282,#3283));
#1450=EDGE_LOOP('',(#3284,#3285,#3286,#3287));
#1451=EDGE_LOOP('',(#3288,#3289,#3290,#3291));
#1452=EDGE_LOOP('',(#3292,#3293,#3294,#3295));
#1453=EDGE_LOOP('',(#3296,#3297,#3298,#3299));
#1454=CIRCLE('',#3509,0.999999999999996);
#1455=CIRCLE('',#3510,1.);
#1456=CIRCLE('',#3511,1.);
#1457=CIRCLE('',#3513,1.);
#1458=CIRCLE('',#3514,1.);
#1459=CIRCLE('',#3515,1.);
#1460=CIRCLE('',#3517,1.);
#1461=CIRCLE('',#3520,1.);
#1462=CIRCLE('',#3522,1.);
#1463=CIRCLE('',#3524,1.);
#1464=CIRCLE('',#3528,1.08001162530985);
#1465=CIRCLE('',#3529,1.08001162530985);
#1466=CIRCLE('',#3530,1.08001264027091);
#1467=CIRCLE('',#3531,1.08001162530985);
#1468=CIRCLE('',#3540,1.28001162530985);
#1469=CIRCLE('',#3541,1.28001162530985);
#1470=CIRCLE('',#3542,1.28001264027091);
#1471=CIRCLE('',#3543,1.28001162530985);
#1472=CIRCLE('',#3545,1.08001162530985);
#1473=CIRCLE('',#3548,1.08001162530985);
#1474=CIRCLE('',#3551,1.08001162530985);
#1475=CIRCLE('',#3554,1.08001264027091);
#1476=CIRCLE('',#3560,1.);
#1477=CIRCLE('',#3561,1.);
#1478=CIRCLE('',#3563,1.);
#1479=CIRCLE('',#3566,1.);
#1480=CIRCLE('',#3568,2.2);
#1481=CIRCLE('',#3569,2.);
#1482=CIRCLE('',#3571,2.2);
#1483=CIRCLE('',#3572,2.2);
#1484=CIRCLE('',#3573,2.2);
#1485=CIRCLE('',#3575,2.);
#1486=CIRCLE('',#3577,2.);
#1487=CIRCLE('',#3579,2.);
#1488=CIRCLE('',#3581,2.);
#1489=CIRCLE('',#3583,2.);
#1490=CIRCLE('',#3585,2.);
#1491=CIRCLE('',#3587,2.);
#1492=CIRCLE('',#3648,1.25);
#1493=CIRCLE('',#3649,1.25);
#1494=CIRCLE('',#3656,1.25);
#1495=CIRCLE('',#3657,1.25);
#1496=CIRCLE('',#3664,1.08010421294588);
#1497=CIRCLE('',#3665,1.28010421294588);
#1498=CIRCLE('',#3667,1.28000005129725);
#1499=CIRCLE('',#3668,1.08000005129725);
#1500=CIRCLE('',#3670,1.08001162530985);
#1501=CIRCLE('',#3671,1.28001162530985);
#1502=CIRCLE('',#3673,1.08000005129725);
#1503=CIRCLE('',#3675,1.08010421294588);
#1504=CIRCLE('',#3678,1.07875077545551);
#1505=CIRCLE('',#3679,1.27875077545551);
#1506=CIRCLE('',#3681,1.28000005129725);
#1507=CIRCLE('',#3682,1.08000005129725);
#1508=CIRCLE('',#3684,1.08010421294588);
#1509=CIRCLE('',#3685,1.28010421294588);
#1510=CIRCLE('',#3687,1.08001162530985);
#1511=CIRCLE('',#3688,1.28001162530985);
#1512=CIRCLE('',#3690,1.08001162530985);
#1513=CIRCLE('',#3692,1.07875077545551);
#1514=CIRCLE('',#3695,1.08010421294588);
#1515=CIRCLE('',#3696,1.28010421294588);
#1516=CIRCLE('',#3699,1.08010421294588);
#1517=CIRCLE('',#3701,1.08010421294588);
#1518=CIRCLE('',#3702,1.28010421294588);
#1519=CIRCLE('',#3704,1.28000005129725);
#1520=CIRCLE('',#3705,1.08000005129725);
#1521=CIRCLE('',#3707,1.08010421294588);
#1522=CIRCLE('',#3710,1.08000005129725);
#1523=CIRCLE('',#3712,1.08001162530985);
#1524=CIRCLE('',#3715,1.08000005129725);
#1525=CIRCLE('',#3716,1.08010421294588);
#1526=CIRCLE('',#3745,3.28100985572785);
#1527=CIRCLE('',#3746,3.28100985572785);
#1528=CIRCLE('',#3749,3.28097984811467);
#1529=CIRCLE('',#3750,3.28097984811467);
#1530=CIRCLE('',#3752,1.);
#1531=CIRCLE('',#3753,1.);
#1532=CIRCLE('',#3754,0.999999999999988);
#1533=CIRCLE('',#3756,1.);
#1534=CIRCLE('',#3758,1.);
#1535=CIRCLE('',#3759,0.999999999999996);
#1536=CIRCLE('',#3760,0.999999999999988);
#1537=CIRCLE('',#3762,1.);
#1538=CIRCLE('',#3764,1.);
#1539=CIRCLE('',#3767,1.);
#1540=CIRCLE('',#3770,2.2);
#1541=CIRCLE('',#3771,2.2);
#1542=CIRCLE('',#3772,2.2);
#1543=CIRCLE('',#3773,2.2);
#1544=CIRCLE('',#3775,2.7);
#1545=CIRCLE('',#3776,2.7);
#1546=CIRCLE('',#3777,2.7);
#1547=CIRCLE('',#3778,2.7);
#1548=CIRCLE('',#3781,2.2);
#1549=CIRCLE('',#3784,2.2);
#1550=CIRCLE('',#3787,2.2);
#1551=CIRCLE('',#3790,2.2);
#1552=VERTEX_POINT('',#4743);
#1553=VERTEX_POINT('',#4744);
#1554=VERTEX_POINT('',#4746);
#1555=VERTEX_POINT('',#4750);
#1556=VERTEX_POINT('',#4751);
#1557=VERTEX_POINT('',#4753);
#1558=VERTEX_POINT('',#4757);
#1559=VERTEX_POINT('',#4758);
#1560=VERTEX_POINT('',#4766);
#1561=VERTEX_POINT('',#4767);
#1562=VERTEX_POINT('',#4772);
#1563=VERTEX_POINT('',#4773);
#1564=VERTEX_POINT('',#4778);
#1565=VERTEX_POINT('',#4779);
#1566=VERTEX_POINT('',#4784);
#1567=VERTEX_POINT('',#4786);
#1568=VERTEX_POINT('',#4795);
#1569=VERTEX_POINT('',#4797);
#1570=VERTEX_POINT('',#4799);
#1571=VERTEX_POINT('',#4801);
#1572=VERTEX_POINT('',#4803);
#1573=VERTEX_POINT('',#4804);
#1574=VERTEX_POINT('',#4806);
#1575=VERTEX_POINT('',#4808);
#1576=VERTEX_POINT('',#4813);
#1577=VERTEX_POINT('',#4814);
#1578=VERTEX_POINT('',#4816);
#1579=VERTEX_POINT('',#4818);
#1580=VERTEX_POINT('',#4822);
#1581=VERTEX_POINT('',#4824);
#1582=VERTEX_POINT('',#4828);
#1583=VERTEX_POINT('',#4830);
#1584=VERTEX_POINT('',#4842);
#1585=VERTEX_POINT('',#4844);
#1586=VERTEX_POINT('',#4846);
#1587=VERTEX_POINT('',#4848);
#1588=VERTEX_POINT('',#4851);
#1589=VERTEX_POINT('',#4857);
#1590=VERTEX_POINT('',#4863);
#1591=VERTEX_POINT('',#4869);
#1592=VERTEX_POINT('',#4879);
#1593=VERTEX_POINT('',#4880);
#1594=VERTEX_POINT('',#4882);
#1595=VERTEX_POINT('',#4884);
#1596=VERTEX_POINT('',#4888);
#1597=VERTEX_POINT('',#4890);
#1598=VERTEX_POINT('',#4892);
#1599=VERTEX_POINT('',#4894);
#1600=VERTEX_POINT('',#4897);
#1601=VERTEX_POINT('',#4898);
#1602=VERTEX_POINT('',#4900);
#1603=VERTEX_POINT('',#4902);
#1604=VERTEX_POINT('',#4906);
#1605=VERTEX_POINT('',#4910);
#1606=VERTEX_POINT('',#4914);
#1607=VERTEX_POINT('',#4916);
#1608=VERTEX_POINT('',#4920);
#1609=VERTEX_POINT('',#4922);
#1610=VERTEX_POINT('',#4925);
#1611=VERTEX_POINT('',#4927);
#1612=VERTEX_POINT('',#4929);
#1613=VERTEX_POINT('',#4930);
#1614=VERTEX_POINT('',#4932);
#1615=VERTEX_POINT('',#4934);
#1616=VERTEX_POINT('',#4936);
#1617=VERTEX_POINT('',#4938);
#1618=VERTEX_POINT('',#4940);
#1619=VERTEX_POINT('',#4942);
#1620=VERTEX_POINT('',#4944);
#1621=VERTEX_POINT('',#4946);
#1622=VERTEX_POINT('',#4948);
#1623=VERTEX_POINT('',#4950);
#1624=VERTEX_POINT('',#4952);
#1625=VERTEX_POINT('',#4954);
#1626=VERTEX_POINT('',#4956);
#1627=VERTEX_POINT('',#4958);
#1628=VERTEX_POINT('',#4960);
#1629=VERTEX_POINT('',#4962);
#1630=VERTEX_POINT('',#4964);
#1631=VERTEX_POINT('',#4966);
#1632=VERTEX_POINT('',#4969);
#1633=VERTEX_POINT('',#4972);
#1634=VERTEX_POINT('',#4976);
#1635=VERTEX_POINT('',#4980);
#1636=VERTEX_POINT('',#4984);
#1637=VERTEX_POINT('',#4988);
#1638=VERTEX_POINT('',#4992);
#1639=VERTEX_POINT('',#4996);
#1640=VERTEX_POINT('',#5001);
#1641=VERTEX_POINT('',#5002);
#1642=VERTEX_POINT('',#5004);
#1643=VERTEX_POINT('',#5006);
#1644=VERTEX_POINT('',#5010);
#1645=VERTEX_POINT('',#5012);
#1646=VERTEX_POINT('',#5016);
#1647=VERTEX_POINT('',#5018);
#1648=VERTEX_POINT('',#5021);
#1649=VERTEX_POINT('',#5023);
#1650=VERTEX_POINT('',#5029);
#1651=VERTEX_POINT('',#5030);
#1652=VERTEX_POINT('',#5032);
#1653=VERTEX_POINT('',#5034);
#1654=VERTEX_POINT('',#5037);
#1655=VERTEX_POINT('',#5038);
#1656=VERTEX_POINT('',#5040);
#1657=VERTEX_POINT('',#5042);
#1658=VERTEX_POINT('',#5047);
#1659=VERTEX_POINT('',#5048);
#1660=VERTEX_POINT('',#5050);
#1661=VERTEX_POINT('',#5052);
#1662=VERTEX_POINT('',#5059);
#1663=VERTEX_POINT('',#5060);
#1664=VERTEX_POINT('',#5066);
#1665=VERTEX_POINT('',#5067);
#1666=VERTEX_POINT('',#5069);
#1667=VERTEX_POINT('',#5071);
#1668=VERTEX_POINT('',#5076);
#1669=VERTEX_POINT('',#5077);
#1670=VERTEX_POINT('',#5079);
#1671=VERTEX_POINT('',#5081);
#1672=VERTEX_POINT('',#5085);
#1673=VERTEX_POINT('',#5086);
#1674=VERTEX_POINT('',#5091);
#1675=VERTEX_POINT('',#5092);
#1676=VERTEX_POINT('',#5109);
#1677=VERTEX_POINT('',#5113);
#1678=VERTEX_POINT('',#5127);
#1679=VERTEX_POINT('',#5128);
#1680=VERTEX_POINT('',#5130);
#1681=VERTEX_POINT('',#5132);
#1682=VERTEX_POINT('',#5136);
#1683=VERTEX_POINT('',#5138);
#1684=VERTEX_POINT('',#5142);
#1685=VERTEX_POINT('',#5144);
#1686=VERTEX_POINT('',#5151);
#1687=VERTEX_POINT('',#5152);
#1688=VERTEX_POINT('',#5154);
#1689=VERTEX_POINT('',#5156);
#1690=VERTEX_POINT('',#5160);
#1691=VERTEX_POINT('',#5162);
#1692=VERTEX_POINT('',#5166);
#1693=VERTEX_POINT('',#5168);
#1694=VERTEX_POINT('',#5175);
#1695=VERTEX_POINT('',#5176);
#1696=VERTEX_POINT('',#5178);
#1697=VERTEX_POINT('',#5180);
#1698=VERTEX_POINT('',#5184);
#1699=VERTEX_POINT('',#5186);
#1700=VERTEX_POINT('',#5190);
#1701=VERTEX_POINT('',#5192);
#1702=VERTEX_POINT('',#5199);
#1703=VERTEX_POINT('',#5200);
#1704=VERTEX_POINT('',#5202);
#1705=VERTEX_POINT('',#5204);
#1706=VERTEX_POINT('',#5208);
#1707=VERTEX_POINT('',#5210);
#1708=VERTEX_POINT('',#5214);
#1709=VERTEX_POINT('',#5216);
#1710=VERTEX_POINT('',#5223);
#1711=VERTEX_POINT('',#5224);
#1712=VERTEX_POINT('',#5226);
#1713=VERTEX_POINT('',#5228);
#1714=VERTEX_POINT('',#5232);
#1715=VERTEX_POINT('',#5234);
#1716=VERTEX_POINT('',#5238);
#1717=VERTEX_POINT('',#5240);
#1718=VERTEX_POINT('',#5247);
#1719=VERTEX_POINT('',#5248);
#1720=VERTEX_POINT('',#5250);
#1721=VERTEX_POINT('',#5252);
#1722=VERTEX_POINT('',#5256);
#1723=VERTEX_POINT('',#5258);
#1724=VERTEX_POINT('',#5262);
#1725=VERTEX_POINT('',#5264);
#1726=VERTEX_POINT('',#5271);
#1727=VERTEX_POINT('',#5272);
#1728=VERTEX_POINT('',#5274);
#1729=VERTEX_POINT('',#5276);
#1730=VERTEX_POINT('',#5280);
#1731=VERTEX_POINT('',#5282);
#1732=VERTEX_POINT('',#5286);
#1733=VERTEX_POINT('',#5288);
#1734=VERTEX_POINT('',#5295);
#1735=VERTEX_POINT('',#5296);
#1736=VERTEX_POINT('',#5298);
#1737=VERTEX_POINT('',#5300);
#1738=VERTEX_POINT('',#5304);
#1739=VERTEX_POINT('',#5306);
#1740=VERTEX_POINT('',#5310);
#1741=VERTEX_POINT('',#5312);
#1742=VERTEX_POINT('',#5319);
#1743=VERTEX_POINT('',#5321);
#1744=VERTEX_POINT('',#5325);
#1745=VERTEX_POINT('',#5326);
#1746=VERTEX_POINT('',#5328);
#1747=VERTEX_POINT('',#5330);
#1748=VERTEX_POINT('',#5334);
#1749=VERTEX_POINT('',#5336);
#1750=VERTEX_POINT('',#5340);
#1751=VERTEX_POINT('',#5342);
#1752=VERTEX_POINT('',#5350);
#1753=VERTEX_POINT('',#5352);
#1754=VERTEX_POINT('',#5356);
#1755=VERTEX_POINT('',#5357);
#1756=VERTEX_POINT('',#5359);
#1757=VERTEX_POINT('',#5361);
#1758=VERTEX_POINT('',#5365);
#1759=VERTEX_POINT('',#5367);
#1760=VERTEX_POINT('',#5371);
#1761=VERTEX_POINT('',#5373);
#1762=VERTEX_POINT('',#5381);
#1763=VERTEX_POINT('',#5382);
#1764=VERTEX_POINT('',#5384);
#1765=VERTEX_POINT('',#5395);
#1766=VERTEX_POINT('',#5402);
#1767=VERTEX_POINT('',#5403);
#1768=VERTEX_POINT('',#5420);
#1769=VERTEX_POINT('',#5422);
#1770=VERTEX_POINT('',#5426);
#1771=VERTEX_POINT('',#5430);
#1772=VERTEX_POINT('',#5432);
#1773=VERTEX_POINT('',#5434);
#1774=VERTEX_POINT('',#5438);
#1775=VERTEX_POINT('',#5439);
#1776=VERTEX_POINT('',#5441);
#1777=VERTEX_POINT('',#5452);
#1778=VERTEX_POINT('',#5459);
#1779=VERTEX_POINT('',#5461);
#1780=VERTEX_POINT('',#5474);
#1781=VERTEX_POINT('',#5476);
#1782=VERTEX_POINT('',#5486);
#1783=VERTEX_POINT('',#5488);
#1784=VERTEX_POINT('',#5492);
#1785=VERTEX_POINT('',#5496);
#1786=VERTEX_POINT('',#5498);
#1787=VERTEX_POINT('',#5500);
#1788=VERTEX_POINT('',#5504);
#1789=VERTEX_POINT('',#5506);
#1790=VERTEX_POINT('',#5510);
#1791=VERTEX_POINT('',#5511);
#1792=VERTEX_POINT('',#5513);
#1793=VERTEX_POINT('',#5515);
#1794=VERTEX_POINT('',#5517);
#1795=VERTEX_POINT('',#5521);
#1796=VERTEX_POINT('',#5525);
#1797=VERTEX_POINT('',#5526);
#1798=VERTEX_POINT('',#5537);
#1799=VERTEX_POINT('',#5539);
#1800=VERTEX_POINT('',#5555);
#1801=VERTEX_POINT('',#5557);
#1802=VERTEX_POINT('',#5561);
#1803=VERTEX_POINT('',#5562);
#1804=VERTEX_POINT('',#5564);
#1805=VERTEX_POINT('',#5566);
#1806=VERTEX_POINT('',#5568);
#1807=VERTEX_POINT('',#5572);
#1808=VERTEX_POINT('',#5573);
#1809=VERTEX_POINT('',#5575);
#1810=VERTEX_POINT('',#5577);
#1811=VERTEX_POINT('',#5579);
#1812=VERTEX_POINT('',#5584);
#1813=VERTEX_POINT('',#5586);
#1814=VERTEX_POINT('',#5588);
#1815=VERTEX_POINT('',#5593);
#1816=VERTEX_POINT('',#5594);
#1817=VERTEX_POINT('',#5596);
#1818=VERTEX_POINT('',#5598);
#1819=VERTEX_POINT('',#5600);
#1820=VERTEX_POINT('',#5604);
#1821=VERTEX_POINT('',#5606);
#1822=VERTEX_POINT('',#5608);
#1823=VERTEX_POINT('',#5611);
#1824=VERTEX_POINT('',#5662);
#1825=VERTEX_POINT('',#5663);
#1826=VERTEX_POINT('',#5665);
#1827=VERTEX_POINT('',#5667);
#1828=VERTEX_POINT('',#5671);
#1829=VERTEX_POINT('',#5673);
#1830=VERTEX_POINT('',#5677);
#1831=VERTEX_POINT('',#5679);
#1832=VERTEX_POINT('',#5686);
#1833=VERTEX_POINT('',#5687);
#1834=VERTEX_POINT('',#5689);
#1835=VERTEX_POINT('',#5693);
#1836=VERTEX_POINT('',#5694);
#1837=VERTEX_POINT('',#5699);
#1838=VERTEX_POINT('',#5700);
#1839=VERTEX_POINT('',#5702);
#1840=VERTEX_POINT('',#5706);
#1841=VERTEX_POINT('',#5707);
#1842=VERTEX_POINT('',#5712);
#1843=VERTEX_POINT('',#5713);
#1844=VERTEX_POINT('',#5721);
#1845=VERTEX_POINT('',#5722);
#1846=VERTEX_POINT('',#5727);
#1847=VERTEX_POINT('',#5731);
#1848=VERTEX_POINT('',#5735);
#1849=VERTEX_POINT('',#5737);
#1850=VERTEX_POINT('',#5739);
#1851=VERTEX_POINT('',#5741);
#1852=VERTEX_POINT('',#5745);
#1853=VERTEX_POINT('',#5747);
#1854=VERTEX_POINT('',#5749);
#1855=VERTEX_POINT('',#5751);
#1856=VERTEX_POINT('',#5756);
#1857=VERTEX_POINT('',#5762);
#1858=VERTEX_POINT('',#5768);
#1859=VERTEX_POINT('',#5774);
#1860=EDGE_CURVE('',#1552,#1553,#1454,.F.);
#1861=EDGE_CURVE('',#1554,#1552,#1455,.F.);
#1862=EDGE_CURVE('',#1553,#1554,#1456,.F.);
#1863=EDGE_CURVE('',#1555,#1556,#1457,.F.);
#1864=EDGE_CURVE('',#1557,#1555,#1458,.F.);
#1865=EDGE_CURVE('',#1556,#1557,#1459,.F.);
#1866=EDGE_CURVE('',#1558,#1559,#1460,.T.);
#1867=EDGE_CURVE('',#1559,#1557,#234,.T.);
#1868=EDGE_CURVE('',#1555,#1558,#235,.T.);
#1869=EDGE_CURVE('',#1552,#1556,#236,.T.);
#1870=EDGE_CURVE('',#1557,#1554,#237,.T.);
#1871=EDGE_CURVE('',#1560,#1561,#1461,.T.);
#1872=EDGE_CURVE('',#1561,#1555,#238,.T.);
#1873=EDGE_CURVE('',#1556,#1560,#239,.T.);
#1874=EDGE_CURVE('',#1562,#1563,#1462,.T.);
#1875=EDGE_CURVE('',#1563,#1553,#240,.T.);
#1876=EDGE_CURVE('',#1554,#1562,#241,.T.);
#1877=EDGE_CURVE('',#1564,#1565,#1463,.T.);
#1878=EDGE_CURVE('',#1565,#1552,#242,.T.);
#1879=EDGE_CURVE('',#1553,#1564,#243,.T.);
#1880=EDGE_CURVE('',#1558,#1566,#244,.T.);
#1881=EDGE_CURVE('',#1567,#1566,#245,.T.);
#1882=EDGE_CURVE('',#1563,#1567,#246,.T.);
#1883=EDGE_CURVE('',#1559,#1562,#247,.T.);
#1884=EDGE_CURVE('',#1566,#1561,#248,.T.);
#1885=EDGE_CURVE('',#1560,#1565,#249,.T.);
#1886=EDGE_CURVE('',#1564,#1567,#250,.T.);
#1887=EDGE_CURVE('',#1568,#1568,#1464,.T.);
#1888=EDGE_CURVE('',#1569,#1569,#1465,.T.);
#1889=EDGE_CURVE('',#1570,#1570,#1466,.T.);
#1890=EDGE_CURVE('',#1571,#1571,#1467,.T.);
#1891=EDGE_CURVE('',#1572,#1573,#251,.T.);
#1892=EDGE_CURVE('',#1573,#1574,#252,.T.);
#1893=EDGE_CURVE('',#1574,#1575,#253,.T.);
#1894=EDGE_CURVE('',#1575,#1572,#254,.T.);
#1895=EDGE_CURVE('',#1576,#1577,#255,.T.);
#1896=EDGE_CURVE('',#1577,#1578,#256,.T.);
#1897=EDGE_CURVE('',#1578,#1579,#257,.T.);
#1898=EDGE_CURVE('',#1579,#1576,#258,.T.);
#1899=EDGE_CURVE('',#1579,#1580,#259,.T.);
#1900=EDGE_CURVE('',#1580,#1581,#260,.T.);
#1901=EDGE_CURVE('',#1581,#1576,#261,.T.);
#1902=EDGE_CURVE('',#1582,#1581,#262,.T.);
#1903=EDGE_CURVE('',#1580,#1583,#263,.T.);
#1904=EDGE_CURVE('',#1583,#1582,#264,.T.);
#1905=EDGE_CURVE('',#1577,#1582,#265,.T.);
#1906=EDGE_CURVE('',#1583,#1578,#266,.T.);
#1907=EDGE_CURVE('',#1577,#1572,#267,.T.);
#1908=EDGE_CURVE('',#1582,#1575,#268,.T.);
#1909=EDGE_CURVE('',#1576,#1573,#269,.T.);
#1910=EDGE_CURVE('',#1584,#1584,#1468,.T.);
#1911=EDGE_CURVE('',#1585,#1585,#1469,.T.);
#1912=EDGE_CURVE('',#1586,#1586,#1470,.T.);
#1913=EDGE_CURVE('',#1587,#1587,#1471,.T.);
#1914=EDGE_CURVE('',#1588,#1588,#1472,.T.);
#1915=EDGE_CURVE('',#1588,#1584,#270,.T.);
#1916=EDGE_CURVE('',#1569,#1588,#271,.T.);
#1917=EDGE_CURVE('',#1589,#1589,#1473,.T.);
#1918=EDGE_CURVE('',#1589,#1587,#272,.T.);
#1919=EDGE_CURVE('',#1571,#1589,#273,.T.);
#1920=EDGE_CURVE('',#1590,#1590,#1474,.T.);
#1921=EDGE_CURVE('',#1590,#1585,#274,.T.);
#1922=EDGE_CURVE('',#1568,#1590,#275,.T.);
#1923=EDGE_CURVE('',#1591,#1591,#1475,.T.);
#1924=EDGE_CURVE('',#1591,#1586,#276,.T.);
#1925=EDGE_CURVE('',#1570,#1591,#277,.T.);
#1926=EDGE_CURVE('',#1581,#1574,#278,.T.);
#1927=EDGE_CURVE('',#1592,#1593,#1476,.T.);
#1928=EDGE_CURVE('',#1593,#1594,#279,.T.);
#1929=EDGE_CURVE('',#1594,#1595,#1477,.T.);
#1930=EDGE_CURVE('',#1595,#1592,#280,.T.);
#1931=EDGE_CURVE('',#1594,#1596,#281,.T.);
#1932=EDGE_CURVE('',#1597,#1596,#1478,.T.);
#1933=EDGE_CURVE('',#1597,#1598,#282,.T.);
#1934=EDGE_CURVE('',#1598,#1599,#283,.T.);
#1935=EDGE_CURVE('',#1599,#1595,#284,.T.);
#1936=EDGE_CURVE('',#1600,#1601,#285,.T.);
#1937=EDGE_CURVE('',#1601,#1602,#286,.T.);
#1938=EDGE_CURVE('',#1602,#1603,#287,.T.);
#1939=EDGE_CURVE('',#1603,#1600,#288,.T.);
#1940=EDGE_CURVE('',#1604,#1593,#289,.T.);
#1941=EDGE_CURVE('',#1596,#1604,#290,.T.);
#1942=EDGE_CURVE('',#1604,#1605,#1479,.T.);
#1943=EDGE_CURVE('',#1605,#1597,#291,.T.);
#1944=EDGE_CURVE('',#1606,#1606,#1480,.T.);
#1945=EDGE_CURVE('',#1606,#1607,#292,.T.);
#1946=EDGE_CURVE('',#1607,#1607,#1481,.T.);
#1947=EDGE_CURVE('',#1592,#1608,#293,.T.);
#1948=EDGE_CURVE('',#1608,#1609,#294,.T.);
#1949=EDGE_CURVE('',#1609,#1605,#295,.T.);
#1950=EDGE_CURVE('',#1610,#1610,#1482,.T.);
#1951=EDGE_CURVE('',#1611,#1611,#1483,.T.);
#1952=EDGE_CURVE('',#1612,#1613,#296,.T.);
#1953=EDGE_CURVE('',#1614,#1613,#297,.T.);
#1954=EDGE_CURVE('',#1614,#1615,#298,.T.);
#1955=EDGE_CURVE('',#1615,#1616,#299,.T.);
#1956=EDGE_CURVE('',#1616,#1617,#300,.T.);
#1957=EDGE_CURVE('',#1618,#1617,#301,.T.);
#1958=EDGE_CURVE('',#1618,#1619,#302,.T.);
#1959=EDGE_CURVE('',#1619,#1620,#303,.T.);
#1960=EDGE_CURVE('',#1620,#1621,#304,.T.);
#1961=EDGE_CURVE('',#1621,#1622,#305,.T.);
#1962=EDGE_CURVE('',#1622,#1623,#306,.T.);
#1963=EDGE_CURVE('',#1624,#1623,#307,.T.);
#1964=EDGE_CURVE('',#1624,#1625,#308,.T.);
#1965=EDGE_CURVE('',#1625,#1626,#309,.T.);
#1966=EDGE_CURVE('',#1626,#1627,#310,.T.);
#1967=EDGE_CURVE('',#1628,#1627,#311,.T.);
#1968=EDGE_CURVE('',#1628,#1629,#312,.T.);
#1969=EDGE_CURVE('',#1629,#1630,#313,.T.);
#1970=EDGE_CURVE('',#1630,#1631,#314,.T.);
#1971=EDGE_CURVE('',#1631,#1612,#315,.T.);
#1972=EDGE_CURVE('',#1632,#1632,#1484,.T.);
#1973=EDGE_CURVE('',#1633,#1633,#1485,.T.);
#1974=EDGE_CURVE('',#1633,#1607,#316,.T.);
#1975=EDGE_CURVE('',#1610,#1634,#317,.T.);
#1976=EDGE_CURVE('',#1634,#1634,#1486,.T.);
#1977=EDGE_CURVE('',#1635,#1635,#1487,.T.);
#1978=EDGE_CURVE('',#1635,#1634,#318,.T.);
#1979=EDGE_CURVE('',#1632,#1636,#319,.T.);
#1980=EDGE_CURVE('',#1636,#1636,#1488,.T.);
#1981=EDGE_CURVE('',#1637,#1637,#1489,.T.);
#1982=EDGE_CURVE('',#1637,#1636,#320,.T.);
#1983=EDGE_CURVE('',#1611,#1638,#321,.T.);
#1984=EDGE_CURVE('',#1638,#1638,#1490,.T.);
#1985=EDGE_CURVE('',#1639,#1639,#1491,.T.);
#1986=EDGE_CURVE('',#1639,#1638,#322,.T.);
#1987=EDGE_CURVE('',#1640,#1641,#323,.T.);
#1988=EDGE_CURVE('',#1642,#1640,#324,.T.);
#1989=EDGE_CURVE('',#1643,#1642,#325,.T.);
#1990=EDGE_CURVE('',#1641,#1643,#326,.T.);
#1991=EDGE_CURVE('',#1644,#1642,#327,.T.);
#1992=EDGE_CURVE('',#1644,#1645,#328,.T.);
#1993=EDGE_CURVE('',#1645,#1643,#329,.T.);
#1994=EDGE_CURVE('',#1646,#1644,#330,.T.);
#1995=EDGE_CURVE('',#1640,#1647,#331,.T.);
#1996=EDGE_CURVE('',#1647,#1627,#332,.T.);
#1997=EDGE_CURVE('',#1626,#1648,#333,.T.);
#1998=EDGE_CURVE('',#1648,#1649,#334,.T.);
#1999=EDGE_CURVE('',#1649,#1623,#335,.T.);
#2000=EDGE_CURVE('',#1603,#1622,#336,.T.);
#2001=EDGE_CURVE('',#1602,#1631,#337,.T.);
#2002=EDGE_CURVE('',#1630,#1646,#338,.T.);
#2003=EDGE_CURVE('',#1650,#1651,#339,.T.);
#2004=EDGE_CURVE('',#1652,#1651,#340,.T.);
#2005=EDGE_CURVE('',#1653,#1652,#341,.T.);
#2006=EDGE_CURVE('',#1653,#1650,#342,.T.);
#2007=EDGE_CURVE('',#1654,#1655,#343,.T.);
#2008=EDGE_CURVE('',#1656,#1655,#344,.T.);
#2009=EDGE_CURVE('',#1657,#1656,#345,.T.);
#2010=EDGE_CURVE('',#1657,#1654,#346,.T.);
#2011=EDGE_CURVE('',#1658,#1659,#347,.T.);
#2012=EDGE_CURVE('',#1659,#1660,#348,.T.);
#2013=EDGE_CURVE('',#1661,#1660,#349,.T.);
#2014=EDGE_CURVE('',#1658,#1661,#350,.T.);
#2015=EDGE_CURVE('',#1660,#1649,#351,.T.);
#2016=EDGE_CURVE('',#1648,#1661,#352,.T.);
#2017=EDGE_CURVE('',#1662,#1663,#353,.T.);
#2018=EDGE_CURVE('',#1659,#1663,#354,.T.);
#2019=EDGE_CURVE('',#1662,#1658,#355,.T.);
#2020=EDGE_CURVE('',#1664,#1665,#356,.T.);
#2021=EDGE_CURVE('',#1665,#1666,#357,.T.);
#2022=EDGE_CURVE('',#1667,#1666,#358,.T.);
#2023=EDGE_CURVE('',#1667,#1664,#359,.T.);
#2024=EDGE_CURVE('',#1668,#1669,#360,.T.);
#2025=EDGE_CURVE('',#1668,#1670,#361,.T.);
#2026=EDGE_CURVE('',#1671,#1670,#362,.T.);
#2027=EDGE_CURVE('',#1669,#1671,#363,.T.);
#2028=EDGE_CURVE('',#1672,#1673,#364,.T.);
#2029=EDGE_CURVE('',#1672,#1671,#365,.T.);
#2030=EDGE_CURVE('',#1670,#1673,#366,.T.);
#2031=EDGE_CURVE('',#1674,#1675,#367,.T.);
#2032=EDGE_CURVE('',#1675,#1668,#368,.T.);
#2033=EDGE_CURVE('',#1669,#1674,#369,.T.);
#2034=EDGE_CURVE('',#1625,#1662,#370,.T.);
#2035=EDGE_CURVE('',#1624,#1663,#371,.T.);
#2036=EDGE_CURVE('',#1619,#1674,#372,.T.);
#2037=EDGE_CURVE('',#1620,#1672,#373,.T.);
#2038=EDGE_CURVE('',#1673,#1617,#374,.T.);
#2039=EDGE_CURVE('',#1618,#1675,#375,.T.);
#2040=EDGE_CURVE('',#1629,#1676,#376,.T.);
#2041=EDGE_CURVE('',#1676,#1645,#377,.T.);
#2042=EDGE_CURVE('',#1677,#1647,#378,.T.);
#2043=EDGE_CURVE('',#1628,#1677,#379,.T.);
#2044=EDGE_CURVE('',#1641,#1677,#380,.T.);
#2045=EDGE_CURVE('',#1615,#1664,#381,.T.);
#2046=EDGE_CURVE('',#1616,#1667,#382,.T.);
#2047=EDGE_CURVE('',#1666,#1613,#383,.T.);
#2048=EDGE_CURVE('',#1614,#1665,#384,.T.);
#2049=EDGE_CURVE('',#1678,#1679,#385,.T.);
#2050=EDGE_CURVE('',#1678,#1680,#386,.T.);
#2051=EDGE_CURVE('',#1681,#1680,#387,.T.);
#2052=EDGE_CURVE('',#1679,#1681,#388,.T.);
#2053=EDGE_CURVE('',#1682,#1678,#389,.T.);
#2054=EDGE_CURVE('',#1682,#1683,#390,.T.);
#2055=EDGE_CURVE('',#1680,#1683,#391,.T.);
#2056=EDGE_CURVE('',#1684,#1682,#392,.T.);
#2057=EDGE_CURVE('',#1684,#1685,#393,.T.);
#2058=EDGE_CURVE('',#1683,#1685,#394,.T.);
#2059=EDGE_CURVE('',#1679,#1684,#395,.T.);
#2060=EDGE_CURVE('',#1685,#1681,#396,.T.);
#2061=EDGE_CURVE('',#1686,#1687,#397,.T.);
#2062=EDGE_CURVE('',#1686,#1688,#398,.T.);
#2063=EDGE_CURVE('',#1689,#1688,#399,.T.);
#2064=EDGE_CURVE('',#1687,#1689,#400,.T.);
#2065=EDGE_CURVE('',#1690,#1686,#401,.T.);
#2066=EDGE_CURVE('',#1690,#1691,#402,.T.);
#2067=EDGE_CURVE('',#1688,#1691,#403,.T.);
#2068=EDGE_CURVE('',#1692,#1690,#404,.T.);
#2069=EDGE_CURVE('',#1692,#1693,#405,.T.);
#2070=EDGE_CURVE('',#1691,#1693,#406,.T.);
#2071=EDGE_CURVE('',#1687,#1692,#407,.T.);
#2072=EDGE_CURVE('',#1693,#1689,#408,.T.);
#2073=EDGE_CURVE('',#1694,#1695,#409,.T.);
#2074=EDGE_CURVE('',#1694,#1696,#410,.T.);
#2075=EDGE_CURVE('',#1697,#1696,#411,.T.);
#2076=EDGE_CURVE('',#1695,#1697,#412,.T.);
#2077=EDGE_CURVE('',#1698,#1694,#413,.T.);
#2078=EDGE_CURVE('',#1698,#1699,#414,.T.);
#2079=EDGE_CURVE('',#1696,#1699,#415,.T.);
#2080=EDGE_CURVE('',#1700,#1698,#416,.T.);
#2081=EDGE_CURVE('',#1700,#1701,#417,.T.);
#2082=EDGE_CURVE('',#1699,#1701,#418,.T.);
#2083=EDGE_CURVE('',#1695,#1700,#419,.T.);
#2084=EDGE_CURVE('',#1701,#1697,#420,.T.);
#2085=EDGE_CURVE('',#1702,#1703,#421,.T.);
#2086=EDGE_CURVE('',#1702,#1704,#422,.T.);
#2087=EDGE_CURVE('',#1705,#1704,#423,.T.);
#2088=EDGE_CURVE('',#1703,#1705,#424,.T.);
#2089=EDGE_CURVE('',#1706,#1702,#425,.T.);
#2090=EDGE_CURVE('',#1706,#1707,#426,.T.);
#2091=EDGE_CURVE('',#1704,#1707,#427,.T.);
#2092=EDGE_CURVE('',#1708,#1706,#428,.T.);
#2093=EDGE_CURVE('',#1708,#1709,#429,.T.);
#2094=EDGE_CURVE('',#1707,#1709,#430,.T.);
#2095=EDGE_CURVE('',#1703,#1708,#431,.T.);
#2096=EDGE_CURVE('',#1709,#1705,#432,.T.);
#2097=EDGE_CURVE('',#1710,#1711,#433,.T.);
#2098=EDGE_CURVE('',#1710,#1712,#434,.T.);
#2099=EDGE_CURVE('',#1713,#1712,#435,.T.);
#2100=EDGE_CURVE('',#1711,#1713,#436,.T.);
#2101=EDGE_CURVE('',#1714,#1710,#437,.T.);
#2102=EDGE_CURVE('',#1714,#1715,#438,.T.);
#2103=EDGE_CURVE('',#1712,#1715,#439,.T.);
#2104=EDGE_CURVE('',#1716,#1714,#440,.T.);
#2105=EDGE_CURVE('',#1716,#1717,#441,.T.);
#2106=EDGE_CURVE('',#1715,#1717,#442,.T.);
#2107=EDGE_CURVE('',#1711,#1716,#443,.T.);
#2108=EDGE_CURVE('',#1717,#1713,#444,.T.);
#2109=EDGE_CURVE('',#1718,#1719,#445,.T.);
#2110=EDGE_CURVE('',#1718,#1720,#446,.T.);
#2111=EDGE_CURVE('',#1721,#1720,#447,.T.);
#2112=EDGE_CURVE('',#1719,#1721,#448,.T.);
#2113=EDGE_CURVE('',#1722,#1718,#449,.T.);
#2114=EDGE_CURVE('',#1722,#1723,#450,.T.);
#2115=EDGE_CURVE('',#1720,#1723,#451,.T.);
#2116=EDGE_CURVE('',#1724,#1722,#452,.T.);
#2117=EDGE_CURVE('',#1724,#1725,#453,.T.);
#2118=EDGE_CURVE('',#1723,#1725,#454,.T.);
#2119=EDGE_CURVE('',#1719,#1724,#455,.T.);
#2120=EDGE_CURVE('',#1725,#1721,#456,.T.);
#2121=EDGE_CURVE('',#1726,#1727,#457,.T.);
#2122=EDGE_CURVE('',#1726,#1728,#458,.T.);
#2123=EDGE_CURVE('',#1729,#1728,#459,.T.);
#2124=EDGE_CURVE('',#1727,#1729,#460,.T.);
#2125=EDGE_CURVE('',#1730,#1726,#461,.T.);
#2126=EDGE_CURVE('',#1730,#1731,#462,.T.);
#2127=EDGE_CURVE('',#1728,#1731,#463,.T.);
#2128=EDGE_CURVE('',#1732,#1730,#464,.T.);
#2129=EDGE_CURVE('',#1732,#1733,#465,.T.);
#2130=EDGE_CURVE('',#1731,#1733,#466,.T.);
#2131=EDGE_CURVE('',#1727,#1732,#467,.T.);
#2132=EDGE_CURVE('',#1733,#1729,#468,.T.);
#2133=EDGE_CURVE('',#1734,#1735,#469,.T.);
#2134=EDGE_CURVE('',#1734,#1736,#470,.T.);
#2135=EDGE_CURVE('',#1737,#1736,#471,.T.);
#2136=EDGE_CURVE('',#1735,#1737,#472,.T.);
#2137=EDGE_CURVE('',#1738,#1734,#473,.T.);
#2138=EDGE_CURVE('',#1738,#1739,#474,.T.);
#2139=EDGE_CURVE('',#1736,#1739,#475,.T.);
#2140=EDGE_CURVE('',#1740,#1738,#476,.T.);
#2141=EDGE_CURVE('',#1740,#1741,#477,.T.);
#2142=EDGE_CURVE('',#1739,#1741,#478,.T.);
#2143=EDGE_CURVE('',#1735,#1740,#479,.T.);
#2144=EDGE_CURVE('',#1741,#1737,#480,.T.);
#2145=EDGE_CURVE('',#1742,#1742,#1492,.T.);
#2146=EDGE_CURVE('',#1742,#1743,#481,.T.);
#2147=EDGE_CURVE('',#1743,#1743,#1493,.T.);
#2148=EDGE_CURVE('',#1744,#1745,#482,.T.);
#2149=EDGE_CURVE('',#1744,#1746,#483,.T.);
#2150=EDGE_CURVE('',#1747,#1746,#484,.T.);
#2151=EDGE_CURVE('',#1745,#1747,#485,.T.);
#2152=EDGE_CURVE('',#1745,#1748,#486,.T.);
#2153=EDGE_CURVE('',#1749,#1747,#487,.T.);
#2154=EDGE_CURVE('',#1748,#1749,#488,.T.);
#2155=EDGE_CURVE('',#1748,#1750,#489,.T.);
#2156=EDGE_CURVE('',#1751,#1749,#490,.T.);
#2157=EDGE_CURVE('',#1750,#1751,#491,.T.);
#2158=EDGE_CURVE('',#1750,#1744,#492,.T.);
#2159=EDGE_CURVE('',#1746,#1751,#493,.T.);
#2160=EDGE_CURVE('',#1752,#1752,#1494,.T.);
#2161=EDGE_CURVE('',#1752,#1753,#494,.T.);
#2162=EDGE_CURVE('',#1753,#1753,#1495,.T.);
#2163=EDGE_CURVE('',#1754,#1755,#495,.T.);
#2164=EDGE_CURVE('',#1754,#1756,#496,.T.);
#2165=EDGE_CURVE('',#1757,#1756,#497,.T.);
#2166=EDGE_CURVE('',#1755,#1757,#498,.T.);
#2167=EDGE_CURVE('',#1755,#1758,#499,.T.);
#2168=EDGE_CURVE('',#1759,#1757,#500,.T.);
#2169=EDGE_CURVE('',#1758,#1759,#501,.T.);
#2170=EDGE_CURVE('',#1758,#1760,#502,.T.);
#2171=EDGE_CURVE('',#1761,#1759,#503,.T.);
#2172=EDGE_CURVE('',#1760,#1761,#504,.T.);
#2173=EDGE_CURVE('',#1760,#1754,#505,.T.);
#2174=EDGE_CURVE('',#1756,#1761,#506,.T.);
#2175=EDGE_CURVE('',#1762,#1763,#1496,.T.);
#2176=EDGE_CURVE('',#1763,#1764,#13,.T.);
#2177=EDGE_CURVE('',#1764,#1765,#1497,.T.);
#2178=EDGE_CURVE('',#1765,#1762,#14,.T.);
#2179=EDGE_CURVE('',#1766,#1767,#15,.T.);
#2180=EDGE_CURVE('',#1766,#1764,#1498,.T.);
#2181=EDGE_CURVE('',#1763,#1767,#1499,.T.);
#2182=EDGE_CURVE('',#1767,#1762,#1500,.T.);
#2183=EDGE_CURVE('',#1765,#1766,#1501,.T.);
#2184=EDGE_CURVE('',#1763,#1768,#507,.T.);
#2185=EDGE_CURVE('',#1768,#1769,#1502,.T.);
#2186=EDGE_CURVE('',#1767,#1769,#508,.T.);
#2187=EDGE_CURVE('',#1762,#1770,#509,.T.);
#2188=EDGE_CURVE('',#1770,#1768,#1503,.T.);
#2189=EDGE_CURVE('',#1771,#1656,#510,.T.);
#2190=EDGE_CURVE('',#1772,#1771,#511,.T.);
#2191=EDGE_CURVE('',#1773,#1772,#512,.T.);
#2192=EDGE_CURVE('',#1657,#1773,#513,.T.);
#2193=EDGE_CURVE('',#1774,#1775,#1504,.T.);
#2194=EDGE_CURVE('',#1775,#1776,#16,.T.);
#2195=EDGE_CURVE('',#1776,#1777,#1505,.T.);
#2196=EDGE_CURVE('',#1777,#1774,#17,.T.);
#2197=EDGE_CURVE('',#1777,#1778,#1506,.T.);
#2198=EDGE_CURVE('',#1778,#1779,#18,.T.);
#2199=EDGE_CURVE('',#1779,#1774,#1507,.T.);
#2200=EDGE_CURVE('',#1780,#1779,#1508,.T.);
#2201=EDGE_CURVE('',#1778,#1781,#1509,.T.);
#2202=EDGE_CURVE('',#1781,#1780,#19,.T.);
#2203=EDGE_CURVE('',#1775,#1780,#1510,.T.);
#2204=EDGE_CURVE('',#1781,#1776,#1511,.T.);
#2205=EDGE_CURVE('',#1775,#1782,#514,.T.);
#2206=EDGE_CURVE('',#1782,#1783,#1512,.T.);
#2207=EDGE_CURVE('',#1780,#1783,#515,.T.);
#2208=EDGE_CURVE('',#1774,#1784,#516,.T.);
#2209=EDGE_CURVE('',#1784,#1782,#1513,.T.);
#2210=EDGE_CURVE('',#1785,#1652,#517,.T.);
#2211=EDGE_CURVE('',#1786,#1785,#518,.T.);
#2212=EDGE_CURVE('',#1787,#1786,#519,.T.);
#2213=EDGE_CURVE('',#1653,#1787,#520,.T.);
#2214=EDGE_CURVE('',#1788,#1788,#1514,.T.);
#2215=EDGE_CURVE('',#1788,#1789,#521,.T.);
#2216=EDGE_CURVE('',#1789,#1789,#1515,.T.);
#2217=EDGE_CURVE('',#1790,#1791,#522,.T.);
#2218=EDGE_CURVE('',#1792,#1791,#523,.T.);
#2219=EDGE_CURVE('',#1793,#1792,#524,.T.);
#2220=EDGE_CURVE('',#1794,#1793,#525,.T.);
#2221=EDGE_CURVE('',#1790,#1794,#526,.T.);
#2222=EDGE_CURVE('',#1795,#1795,#1516,.T.);
#2223=EDGE_CURVE('',#1795,#1788,#527,.T.);
#2224=EDGE_CURVE('',#1796,#1797,#20,.T.);
#2225=EDGE_CURVE('',#1797,#1798,#1517,.T.);
#2226=EDGE_CURVE('',#1798,#1799,#21,.T.);
#2227=EDGE_CURVE('',#1799,#1796,#1518,.T.);
#2228=EDGE_CURVE('',#1796,#1799,#1519,.T.);
#2229=EDGE_CURVE('',#1798,#1797,#1520,.T.);
#2230=EDGE_CURVE('',#1797,#1800,#528,.T.);
#2231=EDGE_CURVE('',#1800,#1801,#1521,.T.);
#2232=EDGE_CURVE('',#1798,#1801,#529,.T.);
#2233=EDGE_CURVE('',#1802,#1803,#530,.T.);
#2234=EDGE_CURVE('',#1804,#1803,#531,.T.);
#2235=EDGE_CURVE('',#1805,#1804,#532,.T.);
#2236=EDGE_CURVE('',#1806,#1805,#533,.T.);
#2237=EDGE_CURVE('',#1802,#1806,#534,.T.);
#2238=EDGE_CURVE('',#1807,#1808,#535,.T.);
#2239=EDGE_CURVE('',#1809,#1807,#536,.T.);
#2240=EDGE_CURVE('',#1810,#1809,#537,.T.);
#2241=EDGE_CURVE('',#1811,#1810,#538,.T.);
#2242=EDGE_CURVE('',#1808,#1811,#539,.T.);
#2243=EDGE_CURVE('',#1801,#1800,#1522,.T.);
#2244=EDGE_CURVE('',#1812,#1654,#540,.T.);
#2245=EDGE_CURVE('',#1813,#1812,#541,.T.);
#2246=EDGE_CURVE('',#1814,#1813,#542,.T.);
#2247=EDGE_CURVE('',#1655,#1814,#543,.T.);
#2248=EDGE_CURVE('',#1769,#1770,#1523,.T.);
#2249=EDGE_CURVE('',#1815,#1816,#544,.T.);
#2250=EDGE_CURVE('',#1817,#1815,#545,.T.);
#2251=EDGE_CURVE('',#1818,#1817,#546,.T.);
#2252=EDGE_CURVE('',#1819,#1818,#547,.T.);
#2253=EDGE_CURVE('',#1816,#1819,#548,.T.);
#2254=EDGE_CURVE('',#1820,#1650,#549,.T.);
#2255=EDGE_CURVE('',#1821,#1820,#550,.T.);
#2256=EDGE_CURVE('',#1822,#1821,#551,.T.);
#2257=EDGE_CURVE('',#1651,#1822,#552,.T.);
#2258=EDGE_CURVE('',#1823,#1784,#1524,.T.);
#2259=EDGE_CURVE('',#1783,#1823,#1525,.T.);
#2260=EDGE_CURVE('',#1804,#1807,#553,.T.);
#2261=EDGE_CURVE('',#1803,#1809,#554,.T.);
#2262=EDGE_CURVE('',#1805,#1808,#555,.T.);
#2263=EDGE_CURVE('',#1806,#1811,#556,.T.);
#2264=EDGE_CURVE('',#1773,#1812,#557,.T.);
#2265=EDGE_CURVE('',#1792,#1815,#558,.T.);
#2266=EDGE_CURVE('',#1791,#1817,#559,.T.);
#2267=EDGE_CURVE('',#1793,#1816,#560,.T.);
#2268=EDGE_CURVE('',#1794,#1819,#561,.T.);
#2269=EDGE_CURVE('',#1779,#1823,#562,.T.);
#2270=EDGE_CURVE('',#1787,#1820,#563,.T.);
#2271=EDGE_CURVE('',#1601,#1612,#564,.T.);
#2272=EDGE_CURVE('',#1600,#1621,#565,.T.);
#2273=EDGE_CURVE('',#1802,#1810,#566,.T.);
#2274=EDGE_CURVE('',#1790,#1818,#567,.T.);
#2275=EDGE_CURVE('',#1785,#1822,#568,.T.);
#2276=EDGE_CURVE('',#1786,#1821,#569,.T.);
#2277=EDGE_CURVE('',#1771,#1814,#570,.T.);
#2278=EDGE_CURVE('',#1772,#1813,#571,.T.);
#2279=EDGE_CURVE('',#1598,#1609,#572,.T.);
#2280=EDGE_CURVE('',#1599,#1608,#573,.T.);
#2281=EDGE_CURVE('',#1824,#1825,#574,.T.);
#2282=EDGE_CURVE('',#1824,#1826,#575,.T.);
#2283=EDGE_CURVE('',#1827,#1826,#576,.T.);
#2284=EDGE_CURVE('',#1825,#1827,#577,.T.);
#2285=EDGE_CURVE('',#1828,#1824,#1526,.T.);
#2286=EDGE_CURVE('',#1828,#1829,#578,.T.);
#2287=EDGE_CURVE('',#1826,#1829,#1527,.T.);
#2288=EDGE_CURVE('',#1830,#1828,#579,.T.);
#2289=EDGE_CURVE('',#1830,#1831,#580,.T.);
#2290=EDGE_CURVE('',#1829,#1831,#581,.T.);
#2291=EDGE_CURVE('',#1825,#1830,#1528,.T.);
#2292=EDGE_CURVE('',#1831,#1827,#1529,.T.);
#2293=EDGE_CURVE('',#1832,#1833,#1530,.F.);
#2294=EDGE_CURVE('',#1834,#1832,#1531,.F.);
#2295=EDGE_CURVE('',#1833,#1834,#1532,.F.);
#2296=EDGE_CURVE('',#1835,#1836,#1533,.T.);
#2297=EDGE_CURVE('',#1836,#1834,#582,.T.);
#2298=EDGE_CURVE('',#1832,#1835,#583,.T.);
#2299=EDGE_CURVE('',#1837,#1838,#1534,.F.);
#2300=EDGE_CURVE('',#1839,#1837,#1535,.F.);
#2301=EDGE_CURVE('',#1838,#1839,#1536,.F.);
#2302=EDGE_CURVE('',#1840,#1841,#1537,.T.);
#2303=EDGE_CURVE('',#1841,#1839,#584,.T.);
#2304=EDGE_CURVE('',#1837,#1840,#585,.T.);
#2305=EDGE_CURVE('',#1842,#1843,#1538,.T.);
#2306=EDGE_CURVE('',#1843,#1838,#586,.T.);
#2307=EDGE_CURVE('',#1839,#1842,#587,.T.);
#2308=EDGE_CURVE('',#1838,#1833,#588,.T.);
#2309=EDGE_CURVE('',#1834,#1837,#589,.T.);
#2310=EDGE_CURVE('',#1844,#1845,#1539,.T.);
#2311=EDGE_CURVE('',#1845,#1832,#590,.T.);
#2312=EDGE_CURVE('',#1833,#1844,#591,.T.);
#2313=EDGE_CURVE('',#1846,#1845,#592,.T.);
#2314=EDGE_CURVE('',#1835,#1846,#593,.T.);
#2315=EDGE_CURVE('',#1846,#1847,#594,.T.);
#2316=EDGE_CURVE('',#1847,#1841,#595,.T.);
#2317=EDGE_CURVE('',#1840,#1836,#596,.T.);
#2318=EDGE_CURVE('',#1848,#1848,#1540,.T.);
#2319=EDGE_CURVE('',#1849,#1849,#1541,.T.);
#2320=EDGE_CURVE('',#1850,#1850,#1542,.T.);
#2321=EDGE_CURVE('',#1851,#1851,#1543,.T.);
#2322=EDGE_CURVE('',#1843,#1844,#597,.T.);
#2323=EDGE_CURVE('',#1852,#1852,#1544,.T.);
#2324=EDGE_CURVE('',#1853,#1853,#1545,.T.);
#2325=EDGE_CURVE('',#1854,#1854,#1546,.T.);
#2326=EDGE_CURVE('',#1855,#1855,#1547,.T.);
#2327=EDGE_CURVE('',#1847,#1842,#598,.T.);
#2328=EDGE_CURVE('',#1852,#1856,#599,.T.);
#2329=EDGE_CURVE('',#1856,#1856,#1548,.T.);
#2330=EDGE_CURVE('',#1856,#1849,#600,.T.);
#2331=EDGE_CURVE('',#1855,#1857,#601,.T.);
#2332=EDGE_CURVE('',#1857,#1857,#1549,.T.);
#2333=EDGE_CURVE('',#1857,#1851,#602,.T.);
#2334=EDGE_CURVE('',#1853,#1858,#603,.T.);
#2335=EDGE_CURVE('',#1858,#1858,#1550,.T.);
#2336=EDGE_CURVE('',#1858,#1848,#604,.T.);
#2337=EDGE_CURVE('',#1854,#1859,#605,.T.);
#2338=EDGE_CURVE('',#1859,#1859,#1551,.T.);
#2339=EDGE_CURVE('',#1859,#1850,#606,.T.);
#2340=ORIENTED_EDGE('',*,*,#1860,.F.);
#2341=ORIENTED_EDGE('',*,*,#1861,.F.);
#2342=ORIENTED_EDGE('',*,*,#1862,.F.);
#2343=ORIENTED_EDGE('',*,*,#1863,.F.);
#2344=ORIENTED_EDGE('',*,*,#1864,.F.);
#2345=ORIENTED_EDGE('',*,*,#1865,.F.);
#2346=ORIENTED_EDGE('',*,*,#1866,.T.);
#2347=ORIENTED_EDGE('',*,*,#1867,.T.);
#2348=ORIENTED_EDGE('',*,*,#1864,.T.);
#2349=ORIENTED_EDGE('',*,*,#1868,.T.);
#2350=ORIENTED_EDGE('',*,*,#1861,.T.);
#2351=ORIENTED_EDGE('',*,*,#1869,.T.);
#2352=ORIENTED_EDGE('',*,*,#1865,.T.);
#2353=ORIENTED_EDGE('',*,*,#1870,.T.);
#2354=ORIENTED_EDGE('',*,*,#1871,.T.);
#2355=ORIENTED_EDGE('',*,*,#1872,.T.);
#2356=ORIENTED_EDGE('',*,*,#1863,.T.);
#2357=ORIENTED_EDGE('',*,*,#1873,.T.);
#2358=ORIENTED_EDGE('',*,*,#1874,.T.);
#2359=ORIENTED_EDGE('',*,*,#1875,.T.);
#2360=ORIENTED_EDGE('',*,*,#1862,.T.);
#2361=ORIENTED_EDGE('',*,*,#1876,.T.);
#2362=ORIENTED_EDGE('',*,*,#1877,.T.);
#2363=ORIENTED_EDGE('',*,*,#1878,.T.);
#2364=ORIENTED_EDGE('',*,*,#1860,.T.);
#2365=ORIENTED_EDGE('',*,*,#1879,.T.);
#2366=ORIENTED_EDGE('',*,*,#1866,.F.);
#2367=ORIENTED_EDGE('',*,*,#1880,.T.);
#2368=ORIENTED_EDGE('',*,*,#1881,.F.);
#2369=ORIENTED_EDGE('',*,*,#1882,.F.);
#2370=ORIENTED_EDGE('',*,*,#1874,.F.);
#2371=ORIENTED_EDGE('',*,*,#1883,.F.);
#2372=ORIENTED_EDGE('',*,*,#1868,.F.);
#2373=ORIENTED_EDGE('',*,*,#1872,.F.);
#2374=ORIENTED_EDGE('',*,*,#1884,.F.);
#2375=ORIENTED_EDGE('',*,*,#1880,.F.);
#2376=ORIENTED_EDGE('',*,*,#1871,.F.);
#2377=ORIENTED_EDGE('',*,*,#1885,.T.);
#2378=ORIENTED_EDGE('',*,*,#1877,.F.);
#2379=ORIENTED_EDGE('',*,*,#1886,.T.);
#2380=ORIENTED_EDGE('',*,*,#1881,.T.);
#2381=ORIENTED_EDGE('',*,*,#1884,.T.);
#2382=ORIENTED_EDGE('',*,*,#1887,.T.);
#2383=ORIENTED_EDGE('',*,*,#1888,.T.);
#2384=ORIENTED_EDGE('',*,*,#1889,.T.);
#2385=ORIENTED_EDGE('',*,*,#1890,.T.);
#2386=ORIENTED_EDGE('',*,*,#1891,.T.);
#2387=ORIENTED_EDGE('',*,*,#1892,.T.);
#2388=ORIENTED_EDGE('',*,*,#1893,.T.);
#2389=ORIENTED_EDGE('',*,*,#1894,.T.);
#2390=ORIENTED_EDGE('',*,*,#1873,.F.);
#2391=ORIENTED_EDGE('',*,*,#1869,.F.);
#2392=ORIENTED_EDGE('',*,*,#1878,.F.);
#2393=ORIENTED_EDGE('',*,*,#1885,.F.);
#2394=ORIENTED_EDGE('',*,*,#1895,.T.);
#2395=ORIENTED_EDGE('',*,*,#1896,.T.);
#2396=ORIENTED_EDGE('',*,*,#1897,.T.);
#2397=ORIENTED_EDGE('',*,*,#1898,.T.);
#2398=ORIENTED_EDGE('',*,*,#1899,.T.);
#2399=ORIENTED_EDGE('',*,*,#1900,.T.);
#2400=ORIENTED_EDGE('',*,*,#1901,.T.);
#2401=ORIENTED_EDGE('',*,*,#1898,.F.);
#2402=ORIENTED_EDGE('',*,*,#1902,.T.);
#2403=ORIENTED_EDGE('',*,*,#1900,.F.);
#2404=ORIENTED_EDGE('',*,*,#1903,.T.);
#2405=ORIENTED_EDGE('',*,*,#1904,.T.);
#2406=ORIENTED_EDGE('',*,*,#1905,.T.);
#2407=ORIENTED_EDGE('',*,*,#1904,.F.);
#2408=ORIENTED_EDGE('',*,*,#1906,.T.);
#2409=ORIENTED_EDGE('',*,*,#1896,.F.);
#2410=ORIENTED_EDGE('',*,*,#1905,.F.);
#2411=ORIENTED_EDGE('',*,*,#1907,.T.);
#2412=ORIENTED_EDGE('',*,*,#1894,.F.);
#2413=ORIENTED_EDGE('',*,*,#1908,.F.);
#2414=ORIENTED_EDGE('',*,*,#1895,.F.);
#2415=ORIENTED_EDGE('',*,*,#1909,.T.);
#2416=ORIENTED_EDGE('',*,*,#1891,.F.);
#2417=ORIENTED_EDGE('',*,*,#1907,.F.);
#2418=ORIENTED_EDGE('',*,*,#1867,.F.);
#2419=ORIENTED_EDGE('',*,*,#1883,.T.);
#2420=ORIENTED_EDGE('',*,*,#1876,.F.);
#2421=ORIENTED_EDGE('',*,*,#1870,.F.);
#2422=ORIENTED_EDGE('',*,*,#1910,.F.);
#2423=ORIENTED_EDGE('',*,*,#1911,.F.);
#2424=ORIENTED_EDGE('',*,*,#1912,.F.);
#2425=ORIENTED_EDGE('',*,*,#1913,.F.);
#2426=ORIENTED_EDGE('',*,*,#1897,.F.);
#2427=ORIENTED_EDGE('',*,*,#1906,.F.);
#2428=ORIENTED_EDGE('',*,*,#1903,.F.);
#2429=ORIENTED_EDGE('',*,*,#1899,.F.);
#2430=ORIENTED_EDGE('',*,*,#1914,.T.);
#2431=ORIENTED_EDGE('',*,*,#1915,.T.);
#2432=ORIENTED_EDGE('',*,*,#1910,.T.);
#2433=ORIENTED_EDGE('',*,*,#1915,.F.);
#2434=ORIENTED_EDGE('',*,*,#1888,.F.);
#2435=ORIENTED_EDGE('',*,*,#1916,.T.);
#2436=ORIENTED_EDGE('',*,*,#1914,.F.);
#2437=ORIENTED_EDGE('',*,*,#1916,.F.);
#2438=ORIENTED_EDGE('',*,*,#1917,.T.);
#2439=ORIENTED_EDGE('',*,*,#1918,.T.);
#2440=ORIENTED_EDGE('',*,*,#1913,.T.);
#2441=ORIENTED_EDGE('',*,*,#1918,.F.);
#2442=ORIENTED_EDGE('',*,*,#1890,.F.);
#2443=ORIENTED_EDGE('',*,*,#1919,.T.);
#2444=ORIENTED_EDGE('',*,*,#1917,.F.);
#2445=ORIENTED_EDGE('',*,*,#1919,.F.);
#2446=ORIENTED_EDGE('',*,*,#1920,.T.);
#2447=ORIENTED_EDGE('',*,*,#1921,.T.);
#2448=ORIENTED_EDGE('',*,*,#1911,.T.);
#2449=ORIENTED_EDGE('',*,*,#1921,.F.);
#2450=ORIENTED_EDGE('',*,*,#1887,.F.);
#2451=ORIENTED_EDGE('',*,*,#1922,.T.);
#2452=ORIENTED_EDGE('',*,*,#1920,.F.);
#2453=ORIENTED_EDGE('',*,*,#1922,.F.);
#2454=ORIENTED_EDGE('',*,*,#1923,.T.);
#2455=ORIENTED_EDGE('',*,*,#1924,.T.);
#2456=ORIENTED_EDGE('',*,*,#1912,.T.);
#2457=ORIENTED_EDGE('',*,*,#1924,.F.);
#2458=ORIENTED_EDGE('',*,*,#1889,.F.);
#2459=ORIENTED_EDGE('',*,*,#1925,.T.);
#2460=ORIENTED_EDGE('',*,*,#1923,.F.);
#2461=ORIENTED_EDGE('',*,*,#1925,.F.);
#2462=ORIENTED_EDGE('',*,*,#1902,.F.);
#2463=ORIENTED_EDGE('',*,*,#1908,.T.);
#2464=ORIENTED_EDGE('',*,*,#1893,.F.);
#2465=ORIENTED_EDGE('',*,*,#1926,.F.);
#2466=ORIENTED_EDGE('',*,*,#1901,.F.);
#2467=ORIENTED_EDGE('',*,*,#1926,.T.);
#2468=ORIENTED_EDGE('',*,*,#1892,.F.);
#2469=ORIENTED_EDGE('',*,*,#1909,.F.);
#2470=ORIENTED_EDGE('',*,*,#1875,.F.);
#2471=ORIENTED_EDGE('',*,*,#1882,.T.);
#2472=ORIENTED_EDGE('',*,*,#1886,.F.);
#2473=ORIENTED_EDGE('',*,*,#1879,.F.);
#2474=ORIENTED_EDGE('',*,*,#1927,.T.);
#2475=ORIENTED_EDGE('',*,*,#1928,.T.);
#2476=ORIENTED_EDGE('',*,*,#1929,.T.);
#2477=ORIENTED_EDGE('',*,*,#1930,.T.);
#2478=ORIENTED_EDGE('',*,*,#1929,.F.);
#2479=ORIENTED_EDGE('',*,*,#1931,.T.);
#2480=ORIENTED_EDGE('',*,*,#1932,.F.);
#2481=ORIENTED_EDGE('',*,*,#1933,.T.);
#2482=ORIENTED_EDGE('',*,*,#1934,.T.);
#2483=ORIENTED_EDGE('',*,*,#1935,.T.);
#2484=ORIENTED_EDGE('',*,*,#1936,.T.);
#2485=ORIENTED_EDGE('',*,*,#1937,.T.);
#2486=ORIENTED_EDGE('',*,*,#1938,.T.);
#2487=ORIENTED_EDGE('',*,*,#1939,.T.);
#2488=ORIENTED_EDGE('',*,*,#1928,.F.);
#2489=ORIENTED_EDGE('',*,*,#1940,.F.);
#2490=ORIENTED_EDGE('',*,*,#1941,.F.);
#2491=ORIENTED_EDGE('',*,*,#1931,.F.);
#2492=ORIENTED_EDGE('',*,*,#1942,.T.);
#2493=ORIENTED_EDGE('',*,*,#1943,.T.);
#2494=ORIENTED_EDGE('',*,*,#1932,.T.);
#2495=ORIENTED_EDGE('',*,*,#1941,.T.);
#2496=ORIENTED_EDGE('',*,*,#1944,.T.);
#2497=ORIENTED_EDGE('',*,*,#1945,.T.);
#2498=ORIENTED_EDGE('',*,*,#1946,.T.);
#2499=ORIENTED_EDGE('',*,*,#1945,.F.);
#2500=ORIENTED_EDGE('',*,*,#1927,.F.);
#2501=ORIENTED_EDGE('',*,*,#1947,.T.);
#2502=ORIENTED_EDGE('',*,*,#1948,.T.);
#2503=ORIENTED_EDGE('',*,*,#1949,.T.);
#2504=ORIENTED_EDGE('',*,*,#1942,.F.);
#2505=ORIENTED_EDGE('',*,*,#1940,.T.);
#2506=ORIENTED_EDGE('',*,*,#1950,.F.);
#2507=ORIENTED_EDGE('',*,*,#1951,.F.);
#2508=ORIENTED_EDGE('',*,*,#1952,.T.);
#2509=ORIENTED_EDGE('',*,*,#1953,.F.);
#2510=ORIENTED_EDGE('',*,*,#1954,.T.);
#2511=ORIENTED_EDGE('',*,*,#1955,.T.);
#2512=ORIENTED_EDGE('',*,*,#1956,.T.);
#2513=ORIENTED_EDGE('',*,*,#1957,.F.);
#2514=ORIENTED_EDGE('',*,*,#1958,.T.);
#2515=ORIENTED_EDGE('',*,*,#1959,.T.);
#2516=ORIENTED_EDGE('',*,*,#1960,.T.);
#2517=ORIENTED_EDGE('',*,*,#1961,.T.);
#2518=ORIENTED_EDGE('',*,*,#1962,.T.);
#2519=ORIENTED_EDGE('',*,*,#1963,.F.);
#2520=ORIENTED_EDGE('',*,*,#1964,.T.);
#2521=ORIENTED_EDGE('',*,*,#1965,.T.);
#2522=ORIENTED_EDGE('',*,*,#1966,.T.);
#2523=ORIENTED_EDGE('',*,*,#1967,.F.);
#2524=ORIENTED_EDGE('',*,*,#1968,.T.);
#2525=ORIENTED_EDGE('',*,*,#1969,.T.);
#2526=ORIENTED_EDGE('',*,*,#1970,.T.);
#2527=ORIENTED_EDGE('',*,*,#1971,.T.);
#2528=ORIENTED_EDGE('',*,*,#1972,.F.);
#2529=ORIENTED_EDGE('',*,*,#1944,.F.);
#2530=ORIENTED_EDGE('',*,*,#1973,.F.);
#2531=ORIENTED_EDGE('',*,*,#1974,.T.);
#2532=ORIENTED_EDGE('',*,*,#1946,.F.);
#2533=ORIENTED_EDGE('',*,*,#1974,.F.);
#2534=ORIENTED_EDGE('',*,*,#1950,.T.);
#2535=ORIENTED_EDGE('',*,*,#1975,.T.);
#2536=ORIENTED_EDGE('',*,*,#1976,.T.);
#2537=ORIENTED_EDGE('',*,*,#1975,.F.);
#2538=ORIENTED_EDGE('',*,*,#1977,.F.);
#2539=ORIENTED_EDGE('',*,*,#1978,.T.);
#2540=ORIENTED_EDGE('',*,*,#1976,.F.);
#2541=ORIENTED_EDGE('',*,*,#1978,.F.);
#2542=ORIENTED_EDGE('',*,*,#1972,.T.);
#2543=ORIENTED_EDGE('',*,*,#1979,.T.);
#2544=ORIENTED_EDGE('',*,*,#1980,.T.);
#2545=ORIENTED_EDGE('',*,*,#1979,.F.);
#2546=ORIENTED_EDGE('',*,*,#1981,.F.);
#2547=ORIENTED_EDGE('',*,*,#1982,.T.);
#2548=ORIENTED_EDGE('',*,*,#1980,.F.);
#2549=ORIENTED_EDGE('',*,*,#1982,.F.);
#2550=ORIENTED_EDGE('',*,*,#1951,.T.);
#2551=ORIENTED_EDGE('',*,*,#1983,.T.);
#2552=ORIENTED_EDGE('',*,*,#1984,.T.);
#2553=ORIENTED_EDGE('',*,*,#1983,.F.);
#2554=ORIENTED_EDGE('',*,*,#1985,.F.);
#2555=ORIENTED_EDGE('',*,*,#1986,.T.);
#2556=ORIENTED_EDGE('',*,*,#1984,.F.);
#2557=ORIENTED_EDGE('',*,*,#1986,.F.);
#2558=ORIENTED_EDGE('',*,*,#1973,.T.);
#2559=ORIENTED_EDGE('',*,*,#1987,.F.);
#2560=ORIENTED_EDGE('',*,*,#1988,.F.);
#2561=ORIENTED_EDGE('',*,*,#1989,.F.);
#2562=ORIENTED_EDGE('',*,*,#1990,.F.);
#2563=ORIENTED_EDGE('',*,*,#1991,.F.);
#2564=ORIENTED_EDGE('',*,*,#1992,.T.);
#2565=ORIENTED_EDGE('',*,*,#1993,.T.);
#2566=ORIENTED_EDGE('',*,*,#1989,.T.);
#2567=ORIENTED_EDGE('',*,*,#1994,.T.);
#2568=ORIENTED_EDGE('',*,*,#1991,.T.);
#2569=ORIENTED_EDGE('',*,*,#1988,.T.);
#2570=ORIENTED_EDGE('',*,*,#1995,.T.);
#2571=ORIENTED_EDGE('',*,*,#1996,.T.);
#2572=ORIENTED_EDGE('',*,*,#1966,.F.);
#2573=ORIENTED_EDGE('',*,*,#1997,.T.);
#2574=ORIENTED_EDGE('',*,*,#1998,.T.);
#2575=ORIENTED_EDGE('',*,*,#1999,.T.);
#2576=ORIENTED_EDGE('',*,*,#1962,.F.);
#2577=ORIENTED_EDGE('',*,*,#2000,.F.);
#2578=ORIENTED_EDGE('',*,*,#1938,.F.);
#2579=ORIENTED_EDGE('',*,*,#2001,.T.);
#2580=ORIENTED_EDGE('',*,*,#1970,.F.);
#2581=ORIENTED_EDGE('',*,*,#2002,.T.);
#2582=ORIENTED_EDGE('',*,*,#2003,.T.);
#2583=ORIENTED_EDGE('',*,*,#2004,.F.);
#2584=ORIENTED_EDGE('',*,*,#2005,.F.);
#2585=ORIENTED_EDGE('',*,*,#2006,.T.);
#2586=ORIENTED_EDGE('',*,*,#2007,.T.);
#2587=ORIENTED_EDGE('',*,*,#2008,.F.);
#2588=ORIENTED_EDGE('',*,*,#2009,.F.);
#2589=ORIENTED_EDGE('',*,*,#2010,.T.);
#2590=ORIENTED_EDGE('',*,*,#1977,.T.);
#2591=ORIENTED_EDGE('',*,*,#2011,.T.);
#2592=ORIENTED_EDGE('',*,*,#2012,.T.);
#2593=ORIENTED_EDGE('',*,*,#2013,.F.);
#2594=ORIENTED_EDGE('',*,*,#2014,.F.);
#2595=ORIENTED_EDGE('',*,*,#2015,.T.);
#2596=ORIENTED_EDGE('',*,*,#1998,.F.);
#2597=ORIENTED_EDGE('',*,*,#2016,.T.);
#2598=ORIENTED_EDGE('',*,*,#2013,.T.);
#2599=ORIENTED_EDGE('',*,*,#2017,.T.);
#2600=ORIENTED_EDGE('',*,*,#2018,.F.);
#2601=ORIENTED_EDGE('',*,*,#2011,.F.);
#2602=ORIENTED_EDGE('',*,*,#2019,.F.);
#2603=ORIENTED_EDGE('',*,*,#1985,.T.);
#2604=ORIENTED_EDGE('',*,*,#2020,.T.);
#2605=ORIENTED_EDGE('',*,*,#2021,.T.);
#2606=ORIENTED_EDGE('',*,*,#2022,.F.);
#2607=ORIENTED_EDGE('',*,*,#2023,.T.);
#2608=ORIENTED_EDGE('',*,*,#1981,.T.);
#2609=ORIENTED_EDGE('',*,*,#2024,.F.);
#2610=ORIENTED_EDGE('',*,*,#2025,.T.);
#2611=ORIENTED_EDGE('',*,*,#2026,.F.);
#2612=ORIENTED_EDGE('',*,*,#2027,.F.);
#2613=ORIENTED_EDGE('',*,*,#2028,.F.);
#2614=ORIENTED_EDGE('',*,*,#2029,.T.);
#2615=ORIENTED_EDGE('',*,*,#2026,.T.);
#2616=ORIENTED_EDGE('',*,*,#2030,.T.);
#2617=ORIENTED_EDGE('',*,*,#2031,.T.);
#2618=ORIENTED_EDGE('',*,*,#2032,.T.);
#2619=ORIENTED_EDGE('',*,*,#2024,.T.);
#2620=ORIENTED_EDGE('',*,*,#2033,.T.);
#2621=ORIENTED_EDGE('',*,*,#1965,.F.);
#2622=ORIENTED_EDGE('',*,*,#2034,.T.);
#2623=ORIENTED_EDGE('',*,*,#2019,.T.);
#2624=ORIENTED_EDGE('',*,*,#2014,.T.);
#2625=ORIENTED_EDGE('',*,*,#2016,.F.);
#2626=ORIENTED_EDGE('',*,*,#1997,.F.);
#2627=ORIENTED_EDGE('',*,*,#1963,.T.);
#2628=ORIENTED_EDGE('',*,*,#1999,.F.);
#2629=ORIENTED_EDGE('',*,*,#2015,.F.);
#2630=ORIENTED_EDGE('',*,*,#2012,.F.);
#2631=ORIENTED_EDGE('',*,*,#2018,.T.);
#2632=ORIENTED_EDGE('',*,*,#2035,.F.);
#2633=ORIENTED_EDGE('',*,*,#1964,.F.);
#2634=ORIENTED_EDGE('',*,*,#2035,.T.);
#2635=ORIENTED_EDGE('',*,*,#2017,.F.);
#2636=ORIENTED_EDGE('',*,*,#2034,.F.);
#2637=ORIENTED_EDGE('',*,*,#1959,.F.);
#2638=ORIENTED_EDGE('',*,*,#2036,.T.);
#2639=ORIENTED_EDGE('',*,*,#2033,.F.);
#2640=ORIENTED_EDGE('',*,*,#2027,.T.);
#2641=ORIENTED_EDGE('',*,*,#2029,.F.);
#2642=ORIENTED_EDGE('',*,*,#2037,.F.);
#2643=ORIENTED_EDGE('',*,*,#1957,.T.);
#2644=ORIENTED_EDGE('',*,*,#2038,.F.);
#2645=ORIENTED_EDGE('',*,*,#2030,.F.);
#2646=ORIENTED_EDGE('',*,*,#2025,.F.);
#2647=ORIENTED_EDGE('',*,*,#2032,.F.);
#2648=ORIENTED_EDGE('',*,*,#2039,.F.);
#2649=ORIENTED_EDGE('',*,*,#1958,.F.);
#2650=ORIENTED_EDGE('',*,*,#2039,.T.);
#2651=ORIENTED_EDGE('',*,*,#2031,.F.);
#2652=ORIENTED_EDGE('',*,*,#2036,.F.);
#2653=ORIENTED_EDGE('',*,*,#1969,.F.);
#2654=ORIENTED_EDGE('',*,*,#2040,.T.);
#2655=ORIENTED_EDGE('',*,*,#2041,.T.);
#2656=ORIENTED_EDGE('',*,*,#1992,.F.);
#2657=ORIENTED_EDGE('',*,*,#1994,.F.);
#2658=ORIENTED_EDGE('',*,*,#2002,.F.);
#2659=ORIENTED_EDGE('',*,*,#1967,.T.);
#2660=ORIENTED_EDGE('',*,*,#1996,.F.);
#2661=ORIENTED_EDGE('',*,*,#2042,.F.);
#2662=ORIENTED_EDGE('',*,*,#2043,.F.);
#2663=ORIENTED_EDGE('',*,*,#1968,.F.);
#2664=ORIENTED_EDGE('',*,*,#2043,.T.);
#2665=ORIENTED_EDGE('',*,*,#2044,.F.);
#2666=ORIENTED_EDGE('',*,*,#1990,.T.);
#2667=ORIENTED_EDGE('',*,*,#1993,.F.);
#2668=ORIENTED_EDGE('',*,*,#2041,.F.);
#2669=ORIENTED_EDGE('',*,*,#2040,.F.);
#2670=ORIENTED_EDGE('',*,*,#1987,.T.);
#2671=ORIENTED_EDGE('',*,*,#2044,.T.);
#2672=ORIENTED_EDGE('',*,*,#2042,.T.);
#2673=ORIENTED_EDGE('',*,*,#1995,.F.);
#2674=ORIENTED_EDGE('',*,*,#1955,.F.);
#2675=ORIENTED_EDGE('',*,*,#2045,.T.);
#2676=ORIENTED_EDGE('',*,*,#2023,.F.);
#2677=ORIENTED_EDGE('',*,*,#2046,.F.);
#2678=ORIENTED_EDGE('',*,*,#1953,.T.);
#2679=ORIENTED_EDGE('',*,*,#2047,.F.);
#2680=ORIENTED_EDGE('',*,*,#2021,.F.);
#2681=ORIENTED_EDGE('',*,*,#2048,.F.);
#2682=ORIENTED_EDGE('',*,*,#1954,.F.);
#2683=ORIENTED_EDGE('',*,*,#2048,.T.);
#2684=ORIENTED_EDGE('',*,*,#2020,.F.);
#2685=ORIENTED_EDGE('',*,*,#2045,.F.);
#2686=ORIENTED_EDGE('',*,*,#2049,.F.);
#2687=ORIENTED_EDGE('',*,*,#2050,.T.);
#2688=ORIENTED_EDGE('',*,*,#2051,.F.);
#2689=ORIENTED_EDGE('',*,*,#2052,.F.);
#2690=ORIENTED_EDGE('',*,*,#2053,.F.);
#2691=ORIENTED_EDGE('',*,*,#2054,.T.);
#2692=ORIENTED_EDGE('',*,*,#2055,.F.);
#2693=ORIENTED_EDGE('',*,*,#2050,.F.);
#2694=ORIENTED_EDGE('',*,*,#2056,.F.);
#2695=ORIENTED_EDGE('',*,*,#2057,.T.);
#2696=ORIENTED_EDGE('',*,*,#2058,.F.);
#2697=ORIENTED_EDGE('',*,*,#2054,.F.);
#2698=ORIENTED_EDGE('',*,*,#2059,.F.);
#2699=ORIENTED_EDGE('',*,*,#2052,.T.);
#2700=ORIENTED_EDGE('',*,*,#2060,.F.);
#2701=ORIENTED_EDGE('',*,*,#2057,.F.);
#2702=ORIENTED_EDGE('',*,*,#2061,.F.);
#2703=ORIENTED_EDGE('',*,*,#2062,.T.);
#2704=ORIENTED_EDGE('',*,*,#2063,.F.);
#2705=ORIENTED_EDGE('',*,*,#2064,.F.);
#2706=ORIENTED_EDGE('',*,*,#2065,.F.);
#2707=ORIENTED_EDGE('',*,*,#2066,.T.);
#2708=ORIENTED_EDGE('',*,*,#2067,.F.);
#2709=ORIENTED_EDGE('',*,*,#2062,.F.);
#2710=ORIENTED_EDGE('',*,*,#2068,.F.);
#2711=ORIENTED_EDGE('',*,*,#2069,.T.);
#2712=ORIENTED_EDGE('',*,*,#2070,.F.);
#2713=ORIENTED_EDGE('',*,*,#2066,.F.);
#2714=ORIENTED_EDGE('',*,*,#2071,.F.);
#2715=ORIENTED_EDGE('',*,*,#2064,.T.);
#2716=ORIENTED_EDGE('',*,*,#2072,.F.);
#2717=ORIENTED_EDGE('',*,*,#2069,.F.);
#2718=ORIENTED_EDGE('',*,*,#2073,.F.);
#2719=ORIENTED_EDGE('',*,*,#2074,.T.);
#2720=ORIENTED_EDGE('',*,*,#2075,.F.);
#2721=ORIENTED_EDGE('',*,*,#2076,.F.);
#2722=ORIENTED_EDGE('',*,*,#2077,.F.);
#2723=ORIENTED_EDGE('',*,*,#2078,.T.);
#2724=ORIENTED_EDGE('',*,*,#2079,.F.);
#2725=ORIENTED_EDGE('',*,*,#2074,.F.);
#2726=ORIENTED_EDGE('',*,*,#2080,.F.);
#2727=ORIENTED_EDGE('',*,*,#2081,.T.);
#2728=ORIENTED_EDGE('',*,*,#2082,.F.);
#2729=ORIENTED_EDGE('',*,*,#2078,.F.);
#2730=ORIENTED_EDGE('',*,*,#2083,.F.);
#2731=ORIENTED_EDGE('',*,*,#2076,.T.);
#2732=ORIENTED_EDGE('',*,*,#2084,.F.);
#2733=ORIENTED_EDGE('',*,*,#2081,.F.);
#2734=ORIENTED_EDGE('',*,*,#2085,.F.);
#2735=ORIENTED_EDGE('',*,*,#2086,.T.);
#2736=ORIENTED_EDGE('',*,*,#2087,.F.);
#2737=ORIENTED_EDGE('',*,*,#2088,.F.);
#2738=ORIENTED_EDGE('',*,*,#2089,.F.);
#2739=ORIENTED_EDGE('',*,*,#2090,.T.);
#2740=ORIENTED_EDGE('',*,*,#2091,.F.);
#2741=ORIENTED_EDGE('',*,*,#2086,.F.);
#2742=ORIENTED_EDGE('',*,*,#2092,.F.);
#2743=ORIENTED_EDGE('',*,*,#2093,.T.);
#2744=ORIENTED_EDGE('',*,*,#2094,.F.);
#2745=ORIENTED_EDGE('',*,*,#2090,.F.);
#2746=ORIENTED_EDGE('',*,*,#2095,.F.);
#2747=ORIENTED_EDGE('',*,*,#2088,.T.);
#2748=ORIENTED_EDGE('',*,*,#2096,.F.);
#2749=ORIENTED_EDGE('',*,*,#2093,.F.);
#2750=ORIENTED_EDGE('',*,*,#2097,.F.);
#2751=ORIENTED_EDGE('',*,*,#2098,.T.);
#2752=ORIENTED_EDGE('',*,*,#2099,.F.);
#2753=ORIENTED_EDGE('',*,*,#2100,.F.);
#2754=ORIENTED_EDGE('',*,*,#2101,.F.);
#2755=ORIENTED_EDGE('',*,*,#2102,.T.);
#2756=ORIENTED_EDGE('',*,*,#2103,.F.);
#2757=ORIENTED_EDGE('',*,*,#2098,.F.);
#2758=ORIENTED_EDGE('',*,*,#2104,.F.);
#2759=ORIENTED_EDGE('',*,*,#2105,.T.);
#2760=ORIENTED_EDGE('',*,*,#2106,.F.);
#2761=ORIENTED_EDGE('',*,*,#2102,.F.);
#2762=ORIENTED_EDGE('',*,*,#2107,.F.);
#2763=ORIENTED_EDGE('',*,*,#2100,.T.);
#2764=ORIENTED_EDGE('',*,*,#2108,.F.);
#2765=ORIENTED_EDGE('',*,*,#2105,.F.);
#2766=ORIENTED_EDGE('',*,*,#2109,.F.);
#2767=ORIENTED_EDGE('',*,*,#2110,.T.);
#2768=ORIENTED_EDGE('',*,*,#2111,.F.);
#2769=ORIENTED_EDGE('',*,*,#2112,.F.);
#2770=ORIENTED_EDGE('',*,*,#2113,.F.);
#2771=ORIENTED_EDGE('',*,*,#2114,.T.);
#2772=ORIENTED_EDGE('',*,*,#2115,.F.);
#2773=ORIENTED_EDGE('',*,*,#2110,.F.);
#2774=ORIENTED_EDGE('',*,*,#2116,.F.);
#2775=ORIENTED_EDGE('',*,*,#2117,.T.);
#2776=ORIENTED_EDGE('',*,*,#2118,.F.);
#2777=ORIENTED_EDGE('',*,*,#2114,.F.);
#2778=ORIENTED_EDGE('',*,*,#2119,.F.);
#2779=ORIENTED_EDGE('',*,*,#2112,.T.);
#2780=ORIENTED_EDGE('',*,*,#2120,.F.);
#2781=ORIENTED_EDGE('',*,*,#2117,.F.);
#2782=ORIENTED_EDGE('',*,*,#2121,.F.);
#2783=ORIENTED_EDGE('',*,*,#2122,.T.);
#2784=ORIENTED_EDGE('',*,*,#2123,.F.);
#2785=ORIENTED_EDGE('',*,*,#2124,.F.);
#2786=ORIENTED_EDGE('',*,*,#2125,.F.);
#2787=ORIENTED_EDGE('',*,*,#2126,.T.);
#2788=ORIENTED_EDGE('',*,*,#2127,.F.);
#2789=ORIENTED_EDGE('',*,*,#2122,.F.);
#2790=ORIENTED_EDGE('',*,*,#2128,.F.);
#2791=ORIENTED_EDGE('',*,*,#2129,.T.);
#2792=ORIENTED_EDGE('',*,*,#2130,.F.);
#2793=ORIENTED_EDGE('',*,*,#2126,.F.);
#2794=ORIENTED_EDGE('',*,*,#2131,.F.);
#2795=ORIENTED_EDGE('',*,*,#2124,.T.);
#2796=ORIENTED_EDGE('',*,*,#2132,.F.);
#2797=ORIENTED_EDGE('',*,*,#2129,.F.);
#2798=ORIENTED_EDGE('',*,*,#2133,.F.);
#2799=ORIENTED_EDGE('',*,*,#2134,.T.);
#2800=ORIENTED_EDGE('',*,*,#2135,.F.);
#2801=ORIENTED_EDGE('',*,*,#2136,.F.);
#2802=ORIENTED_EDGE('',*,*,#2137,.F.);
#2803=ORIENTED_EDGE('',*,*,#2138,.T.);
#2804=ORIENTED_EDGE('',*,*,#2139,.F.);
#2805=ORIENTED_EDGE('',*,*,#2134,.F.);
#2806=ORIENTED_EDGE('',*,*,#2140,.F.);
#2807=ORIENTED_EDGE('',*,*,#2141,.T.);
#2808=ORIENTED_EDGE('',*,*,#2142,.F.);
#2809=ORIENTED_EDGE('',*,*,#2138,.F.);
#2810=ORIENTED_EDGE('',*,*,#2143,.F.);
#2811=ORIENTED_EDGE('',*,*,#2136,.T.);
#2812=ORIENTED_EDGE('',*,*,#2144,.F.);
#2813=ORIENTED_EDGE('',*,*,#2141,.F.);
#2814=ORIENTED_EDGE('',*,*,#2145,.F.);
#2815=ORIENTED_EDGE('',*,*,#2146,.T.);
#2816=ORIENTED_EDGE('',*,*,#2147,.F.);
#2817=ORIENTED_EDGE('',*,*,#2146,.F.);
#2818=ORIENTED_EDGE('',*,*,#2148,.F.);
#2819=ORIENTED_EDGE('',*,*,#2149,.T.);
#2820=ORIENTED_EDGE('',*,*,#2150,.F.);
#2821=ORIENTED_EDGE('',*,*,#2151,.F.);
#2822=ORIENTED_EDGE('',*,*,#2145,.T.);
#2823=ORIENTED_EDGE('',*,*,#2152,.F.);
#2824=ORIENTED_EDGE('',*,*,#2151,.T.);
#2825=ORIENTED_EDGE('',*,*,#2153,.F.);
#2826=ORIENTED_EDGE('',*,*,#2154,.F.);
#2827=ORIENTED_EDGE('',*,*,#2155,.F.);
#2828=ORIENTED_EDGE('',*,*,#2154,.T.);
#2829=ORIENTED_EDGE('',*,*,#2156,.F.);
#2830=ORIENTED_EDGE('',*,*,#2157,.F.);
#2831=ORIENTED_EDGE('',*,*,#2147,.T.);
#2832=ORIENTED_EDGE('',*,*,#2158,.F.);
#2833=ORIENTED_EDGE('',*,*,#2157,.T.);
#2834=ORIENTED_EDGE('',*,*,#2159,.F.);
#2835=ORIENTED_EDGE('',*,*,#2149,.F.);
#2836=ORIENTED_EDGE('',*,*,#2159,.T.);
#2837=ORIENTED_EDGE('',*,*,#2156,.T.);
#2838=ORIENTED_EDGE('',*,*,#2153,.T.);
#2839=ORIENTED_EDGE('',*,*,#2150,.T.);
#2840=ORIENTED_EDGE('',*,*,#2160,.F.);
#2841=ORIENTED_EDGE('',*,*,#2161,.T.);
#2842=ORIENTED_EDGE('',*,*,#2162,.F.);
#2843=ORIENTED_EDGE('',*,*,#2161,.F.);
#2844=ORIENTED_EDGE('',*,*,#2163,.F.);
#2845=ORIENTED_EDGE('',*,*,#2164,.T.);
#2846=ORIENTED_EDGE('',*,*,#2165,.F.);
#2847=ORIENTED_EDGE('',*,*,#2166,.F.);
#2848=ORIENTED_EDGE('',*,*,#2162,.T.);
#2849=ORIENTED_EDGE('',*,*,#2167,.F.);
#2850=ORIENTED_EDGE('',*,*,#2166,.T.);
#2851=ORIENTED_EDGE('',*,*,#2168,.F.);
#2852=ORIENTED_EDGE('',*,*,#2169,.F.);
#2853=ORIENTED_EDGE('',*,*,#2170,.F.);
#2854=ORIENTED_EDGE('',*,*,#2169,.T.);
#2855=ORIENTED_EDGE('',*,*,#2171,.F.);
#2856=ORIENTED_EDGE('',*,*,#2172,.F.);
#2857=ORIENTED_EDGE('',*,*,#2160,.T.);
#2858=ORIENTED_EDGE('',*,*,#2173,.F.);
#2859=ORIENTED_EDGE('',*,*,#2172,.T.);
#2860=ORIENTED_EDGE('',*,*,#2174,.F.);
#2861=ORIENTED_EDGE('',*,*,#2164,.F.);
#2862=ORIENTED_EDGE('',*,*,#2174,.T.);
#2863=ORIENTED_EDGE('',*,*,#2171,.T.);
#2864=ORIENTED_EDGE('',*,*,#2168,.T.);
#2865=ORIENTED_EDGE('',*,*,#2165,.T.);
#2866=ORIENTED_EDGE('',*,*,#2175,.T.);
#2867=ORIENTED_EDGE('',*,*,#2176,.T.);
#2868=ORIENTED_EDGE('',*,*,#2177,.T.);
#2869=ORIENTED_EDGE('',*,*,#2178,.T.);
#2870=ORIENTED_EDGE('',*,*,#2179,.F.);
#2871=ORIENTED_EDGE('',*,*,#2180,.T.);
#2872=ORIENTED_EDGE('',*,*,#2176,.F.);
#2873=ORIENTED_EDGE('',*,*,#2181,.T.);
#2874=ORIENTED_EDGE('',*,*,#2179,.T.);
#2875=ORIENTED_EDGE('',*,*,#2182,.T.);
#2876=ORIENTED_EDGE('',*,*,#2178,.F.);
#2877=ORIENTED_EDGE('',*,*,#2183,.T.);
#2878=ORIENTED_EDGE('',*,*,#2181,.F.);
#2879=ORIENTED_EDGE('',*,*,#2184,.T.);
#2880=ORIENTED_EDGE('',*,*,#2185,.T.);
#2881=ORIENTED_EDGE('',*,*,#2186,.F.);
#2882=ORIENTED_EDGE('',*,*,#2175,.F.);
#2883=ORIENTED_EDGE('',*,*,#2187,.T.);
#2884=ORIENTED_EDGE('',*,*,#2188,.T.);
#2885=ORIENTED_EDGE('',*,*,#2184,.F.);
#2886=ORIENTED_EDGE('',*,*,#2009,.T.);
#2887=ORIENTED_EDGE('',*,*,#2189,.F.);
#2888=ORIENTED_EDGE('',*,*,#2190,.F.);
#2889=ORIENTED_EDGE('',*,*,#2191,.F.);
#2890=ORIENTED_EDGE('',*,*,#2192,.F.);
#2891=ORIENTED_EDGE('',*,*,#2177,.F.);
#2892=ORIENTED_EDGE('',*,*,#2180,.F.);
#2893=ORIENTED_EDGE('',*,*,#2183,.F.);
#2894=ORIENTED_EDGE('',*,*,#2193,.T.);
#2895=ORIENTED_EDGE('',*,*,#2194,.T.);
#2896=ORIENTED_EDGE('',*,*,#2195,.T.);
#2897=ORIENTED_EDGE('',*,*,#2196,.T.);
#2898=ORIENTED_EDGE('',*,*,#2197,.T.);
#2899=ORIENTED_EDGE('',*,*,#2198,.T.);
#2900=ORIENTED_EDGE('',*,*,#2199,.T.);
#2901=ORIENTED_EDGE('',*,*,#2196,.F.);
#2902=ORIENTED_EDGE('',*,*,#2200,.T.);
#2903=ORIENTED_EDGE('',*,*,#2198,.F.);
#2904=ORIENTED_EDGE('',*,*,#2201,.T.);
#2905=ORIENTED_EDGE('',*,*,#2202,.T.);
#2906=ORIENTED_EDGE('',*,*,#2194,.F.);
#2907=ORIENTED_EDGE('',*,*,#2203,.T.);
#2908=ORIENTED_EDGE('',*,*,#2202,.F.);
#2909=ORIENTED_EDGE('',*,*,#2204,.T.);
#2910=ORIENTED_EDGE('',*,*,#2203,.F.);
#2911=ORIENTED_EDGE('',*,*,#2205,.T.);
#2912=ORIENTED_EDGE('',*,*,#2206,.T.);
#2913=ORIENTED_EDGE('',*,*,#2207,.F.);
#2914=ORIENTED_EDGE('',*,*,#2193,.F.);
#2915=ORIENTED_EDGE('',*,*,#2208,.T.);
#2916=ORIENTED_EDGE('',*,*,#2209,.T.);
#2917=ORIENTED_EDGE('',*,*,#2205,.F.);
#2918=ORIENTED_EDGE('',*,*,#2005,.T.);
#2919=ORIENTED_EDGE('',*,*,#2210,.F.);
#2920=ORIENTED_EDGE('',*,*,#2211,.F.);
#2921=ORIENTED_EDGE('',*,*,#2212,.F.);
#2922=ORIENTED_EDGE('',*,*,#2213,.F.);
#2923=ORIENTED_EDGE('',*,*,#2195,.F.);
#2924=ORIENTED_EDGE('',*,*,#2204,.F.);
#2925=ORIENTED_EDGE('',*,*,#2201,.F.);
#2926=ORIENTED_EDGE('',*,*,#2197,.F.);
#2927=ORIENTED_EDGE('',*,*,#2214,.T.);
#2928=ORIENTED_EDGE('',*,*,#2215,.T.);
#2929=ORIENTED_EDGE('',*,*,#2216,.T.);
#2930=ORIENTED_EDGE('',*,*,#2215,.F.);
#2931=ORIENTED_EDGE('',*,*,#2217,.T.);
#2932=ORIENTED_EDGE('',*,*,#2218,.F.);
#2933=ORIENTED_EDGE('',*,*,#2219,.F.);
#2934=ORIENTED_EDGE('',*,*,#2220,.F.);
#2935=ORIENTED_EDGE('',*,*,#2221,.F.);
#2936=ORIENTED_EDGE('',*,*,#2216,.F.);
#2937=ORIENTED_EDGE('',*,*,#2222,.T.);
#2938=ORIENTED_EDGE('',*,*,#2223,.T.);
#2939=ORIENTED_EDGE('',*,*,#2214,.F.);
#2940=ORIENTED_EDGE('',*,*,#2223,.F.);
#2941=ORIENTED_EDGE('',*,*,#2224,.T.);
#2942=ORIENTED_EDGE('',*,*,#2225,.T.);
#2943=ORIENTED_EDGE('',*,*,#2226,.T.);
#2944=ORIENTED_EDGE('',*,*,#2227,.T.);
#2945=ORIENTED_EDGE('',*,*,#2224,.F.);
#2946=ORIENTED_EDGE('',*,*,#2228,.T.);
#2947=ORIENTED_EDGE('',*,*,#2226,.F.);
#2948=ORIENTED_EDGE('',*,*,#2229,.T.);
#2949=ORIENTED_EDGE('',*,*,#2225,.F.);
#2950=ORIENTED_EDGE('',*,*,#2230,.T.);
#2951=ORIENTED_EDGE('',*,*,#2231,.T.);
#2952=ORIENTED_EDGE('',*,*,#2232,.F.);
#2953=ORIENTED_EDGE('',*,*,#2233,.T.);
#2954=ORIENTED_EDGE('',*,*,#2234,.F.);
#2955=ORIENTED_EDGE('',*,*,#2235,.F.);
#2956=ORIENTED_EDGE('',*,*,#2236,.F.);
#2957=ORIENTED_EDGE('',*,*,#2237,.F.);
#2958=ORIENTED_EDGE('',*,*,#2227,.F.);
#2959=ORIENTED_EDGE('',*,*,#2228,.F.);
#2960=ORIENTED_EDGE('',*,*,#2238,.F.);
#2961=ORIENTED_EDGE('',*,*,#2239,.F.);
#2962=ORIENTED_EDGE('',*,*,#2240,.F.);
#2963=ORIENTED_EDGE('',*,*,#2241,.F.);
#2964=ORIENTED_EDGE('',*,*,#2242,.F.);
#2965=ORIENTED_EDGE('',*,*,#2231,.F.);
#2966=ORIENTED_EDGE('',*,*,#2243,.F.);
#2967=ORIENTED_EDGE('',*,*,#2007,.F.);
#2968=ORIENTED_EDGE('',*,*,#2244,.F.);
#2969=ORIENTED_EDGE('',*,*,#2245,.F.);
#2970=ORIENTED_EDGE('',*,*,#2246,.F.);
#2971=ORIENTED_EDGE('',*,*,#2247,.F.);
#2972=ORIENTED_EDGE('',*,*,#2248,.F.);
#2973=ORIENTED_EDGE('',*,*,#2185,.F.);
#2974=ORIENTED_EDGE('',*,*,#2188,.F.);
#2975=ORIENTED_EDGE('',*,*,#2249,.F.);
#2976=ORIENTED_EDGE('',*,*,#2250,.F.);
#2977=ORIENTED_EDGE('',*,*,#2251,.F.);
#2978=ORIENTED_EDGE('',*,*,#2252,.F.);
#2979=ORIENTED_EDGE('',*,*,#2253,.F.);
#2980=ORIENTED_EDGE('',*,*,#2222,.F.);
#2981=ORIENTED_EDGE('',*,*,#2003,.F.);
#2982=ORIENTED_EDGE('',*,*,#2254,.F.);
#2983=ORIENTED_EDGE('',*,*,#2255,.F.);
#2984=ORIENTED_EDGE('',*,*,#2256,.F.);
#2985=ORIENTED_EDGE('',*,*,#2257,.F.);
#2986=ORIENTED_EDGE('',*,*,#2258,.F.);
#2987=ORIENTED_EDGE('',*,*,#2259,.F.);
#2988=ORIENTED_EDGE('',*,*,#2206,.F.);
#2989=ORIENTED_EDGE('',*,*,#2209,.F.);
#2990=ORIENTED_EDGE('',*,*,#2229,.F.);
#2991=ORIENTED_EDGE('',*,*,#2232,.T.);
#2992=ORIENTED_EDGE('',*,*,#2243,.T.);
#2993=ORIENTED_EDGE('',*,*,#2230,.F.);
#2994=ORIENTED_EDGE('',*,*,#2239,.T.);
#2995=ORIENTED_EDGE('',*,*,#2260,.F.);
#2996=ORIENTED_EDGE('',*,*,#2234,.T.);
#2997=ORIENTED_EDGE('',*,*,#2261,.T.);
#2998=ORIENTED_EDGE('',*,*,#2238,.T.);
#2999=ORIENTED_EDGE('',*,*,#2262,.F.);
#3000=ORIENTED_EDGE('',*,*,#2235,.T.);
#3001=ORIENTED_EDGE('',*,*,#2260,.T.);
#3002=ORIENTED_EDGE('',*,*,#2242,.T.);
#3003=ORIENTED_EDGE('',*,*,#2263,.F.);
#3004=ORIENTED_EDGE('',*,*,#2236,.T.);
#3005=ORIENTED_EDGE('',*,*,#2262,.T.);
#3006=ORIENTED_EDGE('',*,*,#2182,.F.);
#3007=ORIENTED_EDGE('',*,*,#2186,.T.);
#3008=ORIENTED_EDGE('',*,*,#2248,.T.);
#3009=ORIENTED_EDGE('',*,*,#2187,.F.);
#3010=ORIENTED_EDGE('',*,*,#2244,.T.);
#3011=ORIENTED_EDGE('',*,*,#2010,.F.);
#3012=ORIENTED_EDGE('',*,*,#2192,.T.);
#3013=ORIENTED_EDGE('',*,*,#2264,.T.);
#3014=ORIENTED_EDGE('',*,*,#2250,.T.);
#3015=ORIENTED_EDGE('',*,*,#2265,.F.);
#3016=ORIENTED_EDGE('',*,*,#2218,.T.);
#3017=ORIENTED_EDGE('',*,*,#2266,.T.);
#3018=ORIENTED_EDGE('',*,*,#2249,.T.);
#3019=ORIENTED_EDGE('',*,*,#2267,.F.);
#3020=ORIENTED_EDGE('',*,*,#2219,.T.);
#3021=ORIENTED_EDGE('',*,*,#2265,.T.);
#3022=ORIENTED_EDGE('',*,*,#2253,.T.);
#3023=ORIENTED_EDGE('',*,*,#2268,.F.);
#3024=ORIENTED_EDGE('',*,*,#2220,.T.);
#3025=ORIENTED_EDGE('',*,*,#2267,.T.);
#3026=ORIENTED_EDGE('',*,*,#2200,.F.);
#3027=ORIENTED_EDGE('',*,*,#2207,.T.);
#3028=ORIENTED_EDGE('',*,*,#2259,.T.);
#3029=ORIENTED_EDGE('',*,*,#2269,.F.);
#3030=ORIENTED_EDGE('',*,*,#2199,.F.);
#3031=ORIENTED_EDGE('',*,*,#2269,.T.);
#3032=ORIENTED_EDGE('',*,*,#2258,.T.);
#3033=ORIENTED_EDGE('',*,*,#2208,.F.);
#3034=ORIENTED_EDGE('',*,*,#2254,.T.);
#3035=ORIENTED_EDGE('',*,*,#2006,.F.);
#3036=ORIENTED_EDGE('',*,*,#2213,.T.);
#3037=ORIENTED_EDGE('',*,*,#2270,.T.);
#3038=ORIENTED_EDGE('',*,*,#2047,.T.);
#3039=ORIENTED_EDGE('',*,*,#1952,.F.);
#3040=ORIENTED_EDGE('',*,*,#2271,.F.);
#3041=ORIENTED_EDGE('',*,*,#1936,.F.);
#3042=ORIENTED_EDGE('',*,*,#2272,.T.);
#3043=ORIENTED_EDGE('',*,*,#1960,.F.);
#3044=ORIENTED_EDGE('',*,*,#2037,.T.);
#3045=ORIENTED_EDGE('',*,*,#2028,.T.);
#3046=ORIENTED_EDGE('',*,*,#2038,.T.);
#3047=ORIENTED_EDGE('',*,*,#1956,.F.);
#3048=ORIENTED_EDGE('',*,*,#2046,.T.);
#3049=ORIENTED_EDGE('',*,*,#2022,.T.);
#3050=ORIENTED_EDGE('',*,*,#2261,.F.);
#3051=ORIENTED_EDGE('',*,*,#2233,.F.);
#3052=ORIENTED_EDGE('',*,*,#2273,.T.);
#3053=ORIENTED_EDGE('',*,*,#2240,.T.);
#3054=ORIENTED_EDGE('',*,*,#2266,.F.);
#3055=ORIENTED_EDGE('',*,*,#2217,.F.);
#3056=ORIENTED_EDGE('',*,*,#2274,.T.);
#3057=ORIENTED_EDGE('',*,*,#2251,.T.);
#3058=ORIENTED_EDGE('',*,*,#2271,.T.);
#3059=ORIENTED_EDGE('',*,*,#1971,.F.);
#3060=ORIENTED_EDGE('',*,*,#2001,.F.);
#3061=ORIENTED_EDGE('',*,*,#1937,.F.);
#3062=ORIENTED_EDGE('',*,*,#2051,.T.);
#3063=ORIENTED_EDGE('',*,*,#2055,.T.);
#3064=ORIENTED_EDGE('',*,*,#2058,.T.);
#3065=ORIENTED_EDGE('',*,*,#2060,.T.);
#3066=ORIENTED_EDGE('',*,*,#2063,.T.);
#3067=ORIENTED_EDGE('',*,*,#2067,.T.);
#3068=ORIENTED_EDGE('',*,*,#2070,.T.);
#3069=ORIENTED_EDGE('',*,*,#2072,.T.);
#3070=ORIENTED_EDGE('',*,*,#2075,.T.);
#3071=ORIENTED_EDGE('',*,*,#2079,.T.);
#3072=ORIENTED_EDGE('',*,*,#2082,.T.);
#3073=ORIENTED_EDGE('',*,*,#2084,.T.);
#3074=ORIENTED_EDGE('',*,*,#2087,.T.);
#3075=ORIENTED_EDGE('',*,*,#2091,.T.);
#3076=ORIENTED_EDGE('',*,*,#2094,.T.);
#3077=ORIENTED_EDGE('',*,*,#2096,.T.);
#3078=ORIENTED_EDGE('',*,*,#2148,.T.);
#3079=ORIENTED_EDGE('',*,*,#2152,.T.);
#3080=ORIENTED_EDGE('',*,*,#2155,.T.);
#3081=ORIENTED_EDGE('',*,*,#2158,.T.);
#3082=ORIENTED_EDGE('',*,*,#2257,.T.);
#3083=ORIENTED_EDGE('',*,*,#2275,.F.);
#3084=ORIENTED_EDGE('',*,*,#2210,.T.);
#3085=ORIENTED_EDGE('',*,*,#2004,.T.);
#3086=ORIENTED_EDGE('',*,*,#2256,.T.);
#3087=ORIENTED_EDGE('',*,*,#2276,.F.);
#3088=ORIENTED_EDGE('',*,*,#2211,.T.);
#3089=ORIENTED_EDGE('',*,*,#2275,.T.);
#3090=ORIENTED_EDGE('',*,*,#2255,.T.);
#3091=ORIENTED_EDGE('',*,*,#2270,.F.);
#3092=ORIENTED_EDGE('',*,*,#2212,.T.);
#3093=ORIENTED_EDGE('',*,*,#2276,.T.);
#3094=ORIENTED_EDGE('',*,*,#2247,.T.);
#3095=ORIENTED_EDGE('',*,*,#2277,.F.);
#3096=ORIENTED_EDGE('',*,*,#2189,.T.);
#3097=ORIENTED_EDGE('',*,*,#2008,.T.);
#3098=ORIENTED_EDGE('',*,*,#2246,.T.);
#3099=ORIENTED_EDGE('',*,*,#2278,.F.);
#3100=ORIENTED_EDGE('',*,*,#2190,.T.);
#3101=ORIENTED_EDGE('',*,*,#2277,.T.);
#3102=ORIENTED_EDGE('',*,*,#2245,.T.);
#3103=ORIENTED_EDGE('',*,*,#2264,.F.);
#3104=ORIENTED_EDGE('',*,*,#2191,.T.);
#3105=ORIENTED_EDGE('',*,*,#2278,.T.);
#3106=ORIENTED_EDGE('',*,*,#2000,.T.);
#3107=ORIENTED_EDGE('',*,*,#1961,.F.);
#3108=ORIENTED_EDGE('',*,*,#2272,.F.);
#3109=ORIENTED_EDGE('',*,*,#1939,.F.);
#3110=ORIENTED_EDGE('',*,*,#2099,.T.);
#3111=ORIENTED_EDGE('',*,*,#2103,.T.);
#3112=ORIENTED_EDGE('',*,*,#2106,.T.);
#3113=ORIENTED_EDGE('',*,*,#2108,.T.);
#3114=ORIENTED_EDGE('',*,*,#2111,.T.);
#3115=ORIENTED_EDGE('',*,*,#2115,.T.);
#3116=ORIENTED_EDGE('',*,*,#2118,.T.);
#3117=ORIENTED_EDGE('',*,*,#2120,.T.);
#3118=ORIENTED_EDGE('',*,*,#2123,.T.);
#3119=ORIENTED_EDGE('',*,*,#2127,.T.);
#3120=ORIENTED_EDGE('',*,*,#2130,.T.);
#3121=ORIENTED_EDGE('',*,*,#2132,.T.);
#3122=ORIENTED_EDGE('',*,*,#2135,.T.);
#3123=ORIENTED_EDGE('',*,*,#2139,.T.);
#3124=ORIENTED_EDGE('',*,*,#2142,.T.);
#3125=ORIENTED_EDGE('',*,*,#2144,.T.);
#3126=ORIENTED_EDGE('',*,*,#2163,.T.);
#3127=ORIENTED_EDGE('',*,*,#2167,.T.);
#3128=ORIENTED_EDGE('',*,*,#2170,.T.);
#3129=ORIENTED_EDGE('',*,*,#2173,.T.);
#3130=ORIENTED_EDGE('',*,*,#2241,.T.);
#3131=ORIENTED_EDGE('',*,*,#2273,.F.);
#3132=ORIENTED_EDGE('',*,*,#2237,.T.);
#3133=ORIENTED_EDGE('',*,*,#2263,.T.);
#3134=ORIENTED_EDGE('',*,*,#2252,.T.);
#3135=ORIENTED_EDGE('',*,*,#2274,.F.);
#3136=ORIENTED_EDGE('',*,*,#2221,.T.);
#3137=ORIENTED_EDGE('',*,*,#2268,.T.);
#3138=ORIENTED_EDGE('',*,*,#1943,.F.);
#3139=ORIENTED_EDGE('',*,*,#1949,.F.);
#3140=ORIENTED_EDGE('',*,*,#2279,.F.);
#3141=ORIENTED_EDGE('',*,*,#1933,.F.);
#3142=ORIENTED_EDGE('',*,*,#2097,.T.);
#3143=ORIENTED_EDGE('',*,*,#2107,.T.);
#3144=ORIENTED_EDGE('',*,*,#2104,.T.);
#3145=ORIENTED_EDGE('',*,*,#2101,.T.);
#3146=ORIENTED_EDGE('',*,*,#2109,.T.);
#3147=ORIENTED_EDGE('',*,*,#2119,.T.);
#3148=ORIENTED_EDGE('',*,*,#2116,.T.);
#3149=ORIENTED_EDGE('',*,*,#2113,.T.);
#3150=ORIENTED_EDGE('',*,*,#2121,.T.);
#3151=ORIENTED_EDGE('',*,*,#2131,.T.);
#3152=ORIENTED_EDGE('',*,*,#2128,.T.);
#3153=ORIENTED_EDGE('',*,*,#2125,.T.);
#3154=ORIENTED_EDGE('',*,*,#2133,.T.);
#3155=ORIENTED_EDGE('',*,*,#2143,.T.);
#3156=ORIENTED_EDGE('',*,*,#2140,.T.);
#3157=ORIENTED_EDGE('',*,*,#2137,.T.);
#3158=ORIENTED_EDGE('',*,*,#2279,.T.);
#3159=ORIENTED_EDGE('',*,*,#1948,.F.);
#3160=ORIENTED_EDGE('',*,*,#2280,.F.);
#3161=ORIENTED_EDGE('',*,*,#1934,.F.);
#3162=ORIENTED_EDGE('',*,*,#1930,.F.);
#3163=ORIENTED_EDGE('',*,*,#1935,.F.);
#3164=ORIENTED_EDGE('',*,*,#2280,.T.);
#3165=ORIENTED_EDGE('',*,*,#1947,.F.);
#3166=ORIENTED_EDGE('',*,*,#2049,.T.);
#3167=ORIENTED_EDGE('',*,*,#2059,.T.);
#3168=ORIENTED_EDGE('',*,*,#2056,.T.);
#3169=ORIENTED_EDGE('',*,*,#2053,.T.);
#3170=ORIENTED_EDGE('',*,*,#2061,.T.);
#3171=ORIENTED_EDGE('',*,*,#2071,.T.);
#3172=ORIENTED_EDGE('',*,*,#2068,.T.);
#3173=ORIENTED_EDGE('',*,*,#2065,.T.);
#3174=ORIENTED_EDGE('',*,*,#2073,.T.);
#3175=ORIENTED_EDGE('',*,*,#2083,.T.);
#3176=ORIENTED_EDGE('',*,*,#2080,.T.);
#3177=ORIENTED_EDGE('',*,*,#2077,.T.);
#3178=ORIENTED_EDGE('',*,*,#2085,.T.);
#3179=ORIENTED_EDGE('',*,*,#2095,.T.);
#3180=ORIENTED_EDGE('',*,*,#2092,.T.);
#3181=ORIENTED_EDGE('',*,*,#2089,.T.);
#3182=ORIENTED_EDGE('',*,*,#2281,.F.);
#3183=ORIENTED_EDGE('',*,*,#2282,.T.);
#3184=ORIENTED_EDGE('',*,*,#2283,.F.);
#3185=ORIENTED_EDGE('',*,*,#2284,.F.);
#3186=ORIENTED_EDGE('',*,*,#2285,.F.);
#3187=ORIENTED_EDGE('',*,*,#2286,.T.);
#3188=ORIENTED_EDGE('',*,*,#2287,.F.);
#3189=ORIENTED_EDGE('',*,*,#2282,.F.);
#3190=ORIENTED_EDGE('',*,*,#2288,.F.);
#3191=ORIENTED_EDGE('',*,*,#2289,.T.);
#3192=ORIENTED_EDGE('',*,*,#2290,.F.);
#3193=ORIENTED_EDGE('',*,*,#2286,.F.);
#3194=ORIENTED_EDGE('',*,*,#2291,.F.);
#3195=ORIENTED_EDGE('',*,*,#2284,.T.);
#3196=ORIENTED_EDGE('',*,*,#2292,.F.);
#3197=ORIENTED_EDGE('',*,*,#2289,.F.);
#3198=ORIENTED_EDGE('',*,*,#2293,.F.);
#3199=ORIENTED_EDGE('',*,*,#2294,.F.);
#3200=ORIENTED_EDGE('',*,*,#2295,.F.);
#3201=ORIENTED_EDGE('',*,*,#2296,.T.);
#3202=ORIENTED_EDGE('',*,*,#2297,.T.);
#3203=ORIENTED_EDGE('',*,*,#2294,.T.);
#3204=ORIENTED_EDGE('',*,*,#2298,.T.);
#3205=ORIENTED_EDGE('',*,*,#2299,.F.);
#3206=ORIENTED_EDGE('',*,*,#2300,.F.);
#3207=ORIENTED_EDGE('',*,*,#2301,.F.);
#3208=ORIENTED_EDGE('',*,*,#2302,.T.);
#3209=ORIENTED_EDGE('',*,*,#2303,.T.);
#3210=ORIENTED_EDGE('',*,*,#2300,.T.);
#3211=ORIENTED_EDGE('',*,*,#2304,.T.);
#3212=ORIENTED_EDGE('',*,*,#2305,.T.);
#3213=ORIENTED_EDGE('',*,*,#2306,.T.);
#3214=ORIENTED_EDGE('',*,*,#2301,.T.);
#3215=ORIENTED_EDGE('',*,*,#2307,.T.);
#3216=ORIENTED_EDGE('',*,*,#2299,.T.);
#3217=ORIENTED_EDGE('',*,*,#2308,.T.);
#3218=ORIENTED_EDGE('',*,*,#2295,.T.);
#3219=ORIENTED_EDGE('',*,*,#2309,.T.);
#3220=ORIENTED_EDGE('',*,*,#2310,.T.);
#3221=ORIENTED_EDGE('',*,*,#2311,.T.);
#3222=ORIENTED_EDGE('',*,*,#2293,.T.);
#3223=ORIENTED_EDGE('',*,*,#2312,.T.);
#3224=ORIENTED_EDGE('',*,*,#2298,.F.);
#3225=ORIENTED_EDGE('',*,*,#2311,.F.);
#3226=ORIENTED_EDGE('',*,*,#2313,.F.);
#3227=ORIENTED_EDGE('',*,*,#2314,.F.);
#3228=ORIENTED_EDGE('',*,*,#2296,.F.);
#3229=ORIENTED_EDGE('',*,*,#2314,.T.);
#3230=ORIENTED_EDGE('',*,*,#2315,.T.);
#3231=ORIENTED_EDGE('',*,*,#2316,.T.);
#3232=ORIENTED_EDGE('',*,*,#2302,.F.);
#3233=ORIENTED_EDGE('',*,*,#2317,.T.);
#3234=ORIENTED_EDGE('',*,*,#2283,.T.);
#3235=ORIENTED_EDGE('',*,*,#2287,.T.);
#3236=ORIENTED_EDGE('',*,*,#2290,.T.);
#3237=ORIENTED_EDGE('',*,*,#2292,.T.);
#3238=ORIENTED_EDGE('',*,*,#2318,.F.);
#3239=ORIENTED_EDGE('',*,*,#2319,.F.);
#3240=ORIENTED_EDGE('',*,*,#2320,.F.);
#3241=ORIENTED_EDGE('',*,*,#2321,.F.);
#3242=ORIENTED_EDGE('',*,*,#2312,.F.);
#3243=ORIENTED_EDGE('',*,*,#2308,.F.);
#3244=ORIENTED_EDGE('',*,*,#2306,.F.);
#3245=ORIENTED_EDGE('',*,*,#2322,.T.);
#3246=ORIENTED_EDGE('',*,*,#2281,.T.);
#3247=ORIENTED_EDGE('',*,*,#2291,.T.);
#3248=ORIENTED_EDGE('',*,*,#2288,.T.);
#3249=ORIENTED_EDGE('',*,*,#2285,.T.);
#3250=ORIENTED_EDGE('',*,*,#2323,.F.);
#3251=ORIENTED_EDGE('',*,*,#2324,.F.);
#3252=ORIENTED_EDGE('',*,*,#2325,.F.);
#3253=ORIENTED_EDGE('',*,*,#2326,.F.);
#3254=ORIENTED_EDGE('',*,*,#2310,.F.);
#3255=ORIENTED_EDGE('',*,*,#2322,.F.);
#3256=ORIENTED_EDGE('',*,*,#2305,.F.);
#3257=ORIENTED_EDGE('',*,*,#2327,.F.);
#3258=ORIENTED_EDGE('',*,*,#2315,.F.);
#3259=ORIENTED_EDGE('',*,*,#2313,.T.);
#3260=ORIENTED_EDGE('',*,*,#2323,.T.);
#3261=ORIENTED_EDGE('',*,*,#2328,.T.);
#3262=ORIENTED_EDGE('',*,*,#2329,.T.);
#3263=ORIENTED_EDGE('',*,*,#2328,.F.);
#3264=ORIENTED_EDGE('',*,*,#2329,.F.);
#3265=ORIENTED_EDGE('',*,*,#2330,.T.);
#3266=ORIENTED_EDGE('',*,*,#2319,.T.);
#3267=ORIENTED_EDGE('',*,*,#2330,.F.);
#3268=ORIENTED_EDGE('',*,*,#2326,.T.);
#3269=ORIENTED_EDGE('',*,*,#2331,.T.);
#3270=ORIENTED_EDGE('',*,*,#2332,.T.);
#3271=ORIENTED_EDGE('',*,*,#2331,.F.);
#3272=ORIENTED_EDGE('',*,*,#2332,.F.);
#3273=ORIENTED_EDGE('',*,*,#2333,.T.);
#3274=ORIENTED_EDGE('',*,*,#2321,.T.);
#3275=ORIENTED_EDGE('',*,*,#2333,.F.);
#3276=ORIENTED_EDGE('',*,*,#2324,.T.);
#3277=ORIENTED_EDGE('',*,*,#2334,.T.);
#3278=ORIENTED_EDGE('',*,*,#2335,.T.);
#3279=ORIENTED_EDGE('',*,*,#2334,.F.);
#3280=ORIENTED_EDGE('',*,*,#2335,.F.);
#3281=ORIENTED_EDGE('',*,*,#2336,.T.);
#3282=ORIENTED_EDGE('',*,*,#2318,.T.);
#3283=ORIENTED_EDGE('',*,*,#2336,.F.);
#3284=ORIENTED_EDGE('',*,*,#2325,.T.);
#3285=ORIENTED_EDGE('',*,*,#2337,.T.);
#3286=ORIENTED_EDGE('',*,*,#2338,.T.);
#3287=ORIENTED_EDGE('',*,*,#2337,.F.);
#3288=ORIENTED_EDGE('',*,*,#2338,.F.);
#3289=ORIENTED_EDGE('',*,*,#2339,.T.);
#3290=ORIENTED_EDGE('',*,*,#2320,.T.);
#3291=ORIENTED_EDGE('',*,*,#2339,.F.);
#3292=ORIENTED_EDGE('',*,*,#2303,.F.);
#3293=ORIENTED_EDGE('',*,*,#2316,.F.);
#3294=ORIENTED_EDGE('',*,*,#2327,.T.);
#3295=ORIENTED_EDGE('',*,*,#2307,.F.);
#3296=ORIENTED_EDGE('',*,*,#2297,.F.);
#3297=ORIENTED_EDGE('',*,*,#2317,.F.);
#3298=ORIENTED_EDGE('',*,*,#2304,.F.);
#3299=ORIENTED_EDGE('',*,*,#2309,.F.);
#3300=SPHERICAL_SURFACE('',#3508,1.);
#3301=SPHERICAL_SURFACE('',#3512,1.);
#3302=SPHERICAL_SURFACE('',#3751,1.);
#3303=SPHERICAL_SURFACE('',#3757,0.999999999999996);
#3304=ADVANCED_FACE('',(#1018),#3300,.T.);
#3305=ADVANCED_FACE('',(#1019),#3301,.T.);
#3306=ADVANCED_FACE('',(#1020),#980,.T.);
#3307=ADVANCED_FACE('',(#1021),#981,.T.);
#3308=ADVANCED_FACE('',(#1022),#982,.T.);
#3309=ADVANCED_FACE('',(#1023),#983,.T.);
#3310=ADVANCED_FACE('',(#1024),#984,.T.);
#3311=ADVANCED_FACE('',(#1025),#110,.T.);
#3312=ADVANCED_FACE('',(#1026),#111,.T.);
#3313=ADVANCED_FACE('',(#1027,#50,#51,#52,#53,#54),#112,.T.);
#3314=ADVANCED_FACE('',(#1028),#113,.T.);
#3315=ADVANCED_FACE('',(#1029),#114,.T.);
#3316=ADVANCED_FACE('',(#1030),#115,.T.);
#3317=ADVANCED_FACE('',(#1031),#116,.T.);
#3318=ADVANCED_FACE('',(#1032),#117,.T.);
#3319=ADVANCED_FACE('',(#1033),#118,.T.);
#3320=ADVANCED_FACE('',(#1034),#119,.T.);
#3321=ADVANCED_FACE('',(#1035,#55,#56,#57,#58,#59),#120,.F.);
#3322=ADVANCED_FACE('',(#1036),#28,.F.);
#3323=ADVANCED_FACE('',(#1037),#985,.F.);
#3324=ADVANCED_FACE('',(#1038),#29,.F.);
#3325=ADVANCED_FACE('',(#1039),#986,.F.);
#3326=ADVANCED_FACE('',(#1040),#30,.F.);
#3327=ADVANCED_FACE('',(#1041),#987,.F.);
#3328=ADVANCED_FACE('',(#1042),#31,.F.);
#3329=ADVANCED_FACE('',(#1043),#988,.F.);
#3330=ADVANCED_FACE('',(#1044),#121,.T.);
#3331=ADVANCED_FACE('',(#1045),#122,.T.);
#3332=ADVANCED_FACE('',(#1046),#123,.T.);
#3333=ADVANCED_FACE('',(#1047),#989,.T.);
#3334=ADVANCED_FACE('',(#1048,#60),#124,.T.);
#3335=ADVANCED_FACE('',(#1049),#125,.T.);
#3336=ADVANCED_FACE('',(#1050),#990,.T.);
#3337=ADVANCED_FACE('',(#1051),#32,.F.);
#3338=ADVANCED_FACE('',(#1052,#61,#62,#63,#64,#65),#126,.T.);
#3339=ADVANCED_FACE('',(#1053),#991,.F.);
#3340=ADVANCED_FACE('',(#1054),#33,.F.);
#3341=ADVANCED_FACE('',(#1055),#992,.F.);
#3342=ADVANCED_FACE('',(#1056),#34,.F.);
#3343=ADVANCED_FACE('',(#1057),#993,.F.);
#3344=ADVANCED_FACE('',(#1058),#35,.F.);
#3345=ADVANCED_FACE('',(#1059),#994,.F.);
#3346=ADVANCED_FACE('',(#1060),#127,.F.);
#3347=ADVANCED_FACE('',(#1061),#128,.T.);
#3348=ADVANCED_FACE('',(#1062),#129,.T.);
#3349=ADVANCED_FACE('',(#1063,#66,#67),#130,.T.);
#3350=ADVANCED_FACE('',(#1064),#131,.F.);
#3351=ADVANCED_FACE('',(#1065),#132,.T.);
#3352=ADVANCED_FACE('',(#1066),#133,.T.);
#3353=ADVANCED_FACE('',(#1067),#134,.F.);
#3354=ADVANCED_FACE('',(#1068),#135,.F.);
#3355=ADVANCED_FACE('',(#1069),#136,.T.);
#3356=ADVANCED_FACE('',(#1070),#137,.F.);
#3357=ADVANCED_FACE('',(#1071),#138,.T.);
#3358=ADVANCED_FACE('',(#1072),#139,.T.);
#3359=ADVANCED_FACE('',(#1073),#140,.F.);
#3360=ADVANCED_FACE('',(#1074),#141,.T.);
#3361=ADVANCED_FACE('',(#1075),#142,.T.);
#3362=ADVANCED_FACE('',(#1076),#143,.T.);
#3363=ADVANCED_FACE('',(#1077),#144,.T.);
#3364=ADVANCED_FACE('',(#1078),#145,.T.);
#3365=ADVANCED_FACE('',(#1079),#146,.T.);
#3366=ADVANCED_FACE('',(#1080),#147,.T.);
#3367=ADVANCED_FACE('',(#1081),#148,.T.);
#3368=ADVANCED_FACE('',(#1082),#149,.T.);
#3369=ADVANCED_FACE('',(#1083),#150,.F.);
#3370=ADVANCED_FACE('',(#1084),#151,.T.);
#3371=ADVANCED_FACE('',(#1085),#152,.T.);
#3372=ADVANCED_FACE('',(#1086),#153,.T.);
#3373=ADVANCED_FACE('',(#1087),#154,.F.);
#3374=ADVANCED_FACE('',(#1088),#155,.F.);
#3375=ADVANCED_FACE('',(#1089),#156,.F.);
#3376=ADVANCED_FACE('',(#1090),#157,.F.);
#3377=ADVANCED_FACE('',(#1091),#158,.F.);
#3378=ADVANCED_FACE('',(#1092),#159,.F.);
#3379=ADVANCED_FACE('',(#1093),#160,.F.);
#3380=ADVANCED_FACE('',(#1094),#161,.F.);
#3381=ADVANCED_FACE('',(#1095),#162,.F.);
#3382=ADVANCED_FACE('',(#1096),#163,.F.);
#3383=ADVANCED_FACE('',(#1097),#164,.F.);
#3384=ADVANCED_FACE('',(#1098),#165,.F.);
#3385=ADVANCED_FACE('',(#1099),#166,.F.);
#3386=ADVANCED_FACE('',(#1100),#167,.F.);
#3387=ADVANCED_FACE('',(#1101),#168,.F.);
#3388=ADVANCED_FACE('',(#1102),#169,.F.);
#3389=ADVANCED_FACE('',(#1103),#170,.F.);
#3390=ADVANCED_FACE('',(#1104),#171,.F.);
#3391=ADVANCED_FACE('',(#1105),#172,.F.);
#3392=ADVANCED_FACE('',(#1106),#173,.F.);
#3393=ADVANCED_FACE('',(#1107),#174,.F.);
#3394=ADVANCED_FACE('',(#1108),#175,.F.);
#3395=ADVANCED_FACE('',(#1109),#176,.F.);
#3396=ADVANCED_FACE('',(#1110),#177,.F.);
#3397=ADVANCED_FACE('',(#1111),#178,.F.);
#3398=ADVANCED_FACE('',(#1112),#179,.F.);
#3399=ADVANCED_FACE('',(#1113),#180,.F.);
#3400=ADVANCED_FACE('',(#1114),#181,.F.);
#3401=ADVANCED_FACE('',(#1115),#182,.F.);
#3402=ADVANCED_FACE('',(#1116),#183,.F.);
#3403=ADVANCED_FACE('',(#1117),#184,.F.);
#3404=ADVANCED_FACE('',(#1118),#185,.F.);
#3405=ADVANCED_FACE('',(#1119),#995,.F.);
#3406=ADVANCED_FACE('',(#1120,#68),#186,.T.);
#3407=ADVANCED_FACE('',(#1121),#187,.T.);
#3408=ADVANCED_FACE('',(#1122,#69),#188,.T.);
#3409=ADVANCED_FACE('',(#1123),#189,.T.);
#3410=ADVANCED_FACE('',(#1124),#190,.T.);
#3411=ADVANCED_FACE('',(#1125),#996,.F.);
#3412=ADVANCED_FACE('',(#1126,#70),#191,.T.);
#3413=ADVANCED_FACE('',(#1127),#192,.T.);
#3414=ADVANCED_FACE('',(#1128,#71),#193,.T.);
#3415=ADVANCED_FACE('',(#1129),#194,.T.);
#3416=ADVANCED_FACE('',(#1130),#195,.T.);
#3417=ADVANCED_FACE('',(#1131),#36,.F.);
#3418=ADVANCED_FACE('',(#1132),#37,.F.);
#3419=ADVANCED_FACE('',(#1133),#38,.F.);
#3420=ADVANCED_FACE('',(#1134),#997,.F.);
#3421=ADVANCED_FACE('',(#1135),#998,.F.);
#3422=ADVANCED_FACE('',(#1136,#72),#196,.F.);
#3423=ADVANCED_FACE('',(#1137),#39,.F.);
#3424=ADVANCED_FACE('',(#1138),#40,.F.);
#3425=ADVANCED_FACE('',(#1139),#41,.F.);
#3426=ADVANCED_FACE('',(#1140),#42,.F.);
#3427=ADVANCED_FACE('',(#1141),#999,.F.);
#3428=ADVANCED_FACE('',(#1142),#1000,.F.);
#3429=ADVANCED_FACE('',(#1143,#73),#197,.F.);
#3430=ADVANCED_FACE('',(#1144),#43,.F.);
#3431=ADVANCED_FACE('',(#1145,#74),#198,.F.);
#3432=ADVANCED_FACE('',(#1146),#1001,.F.);
#3433=ADVANCED_FACE('',(#1147),#44,.F.);
#3434=ADVANCED_FACE('',(#1148),#45,.F.);
#3435=ADVANCED_FACE('',(#1149),#1002,.F.);
#3436=ADVANCED_FACE('',(#1150,#75),#199,.F.);
#3437=ADVANCED_FACE('',(#1151,#76),#200,.T.);
#3438=ADVANCED_FACE('',(#1152,#77),#201,.T.);
#3439=ADVANCED_FACE('',(#1153,#78),#202,.T.);
#3440=ADVANCED_FACE('',(#1154,#79),#203,.T.);
#3441=ADVANCED_FACE('',(#1155),#1003,.F.);
#3442=ADVANCED_FACE('',(#1156),#204,.T.);
#3443=ADVANCED_FACE('',(#1157),#205,.T.);
#3444=ADVANCED_FACE('',(#1158),#206,.T.);
#3445=ADVANCED_FACE('',(#1159),#1004,.F.);
#3446=ADVANCED_FACE('',(#1160),#207,.T.);
#3447=ADVANCED_FACE('',(#1161),#208,.T.);
#3448=ADVANCED_FACE('',(#1162),#209,.T.);
#3449=ADVANCED_FACE('',(#1163),#210,.T.);
#3450=ADVANCED_FACE('',(#1164),#1005,.F.);
#3451=ADVANCED_FACE('',(#1165),#1006,.F.);
#3452=ADVANCED_FACE('',(#1166),#211,.T.);
#3453=ADVANCED_FACE('',(#1167,#80,#81),#212,.T.);
#3454=ADVANCED_FACE('',(#1168,#82,#83,#84,#85,#86),#213,.T.);
#3455=ADVANCED_FACE('',(#1169),#214,.T.);
#3456=ADVANCED_FACE('',(#1170),#215,.T.);
#3457=ADVANCED_FACE('',(#1171),#216,.T.);
#3458=ADVANCED_FACE('',(#1172),#217,.T.);
#3459=ADVANCED_FACE('',(#1173),#218,.T.);
#3460=ADVANCED_FACE('',(#1174),#219,.T.);
#3461=ADVANCED_FACE('',(#1175,#87,#88,#89,#90,#91),#220,.T.);
#3462=ADVANCED_FACE('',(#1176),#221,.T.);
#3463=ADVANCED_FACE('',(#1177),#222,.T.);
#3464=ADVANCED_FACE('',(#1178,#92,#93,#94,#95),#223,.T.);
#3465=ADVANCED_FACE('',(#1179),#224,.T.);
#3466=ADVANCED_FACE('',(#1180,#96,#97,#98,#99),#225,.T.);
#3467=ADVANCED_FACE('',(#1181),#226,.F.);
#3468=ADVANCED_FACE('',(#1182),#1007,.F.);
#3469=ADVANCED_FACE('',(#1183),#227,.F.);
#3470=ADVANCED_FACE('',(#1184),#1008,.F.);
#3471=ADVANCED_FACE('',(#1185),#3302,.T.);
#3472=ADVANCED_FACE('',(#1186),#1009,.T.);
#3473=ADVANCED_FACE('',(#1187),#3303,.T.);
#3474=ADVANCED_FACE('',(#1188),#1010,.T.);
#3475=ADVANCED_FACE('',(#1189),#1011,.T.);
#3476=ADVANCED_FACE('',(#1190),#1012,.T.);
#3477=ADVANCED_FACE('',(#1191),#1013,.T.);
#3478=ADVANCED_FACE('',(#1192),#228,.T.);
#3479=ADVANCED_FACE('',(#1193,#100,#101,#102,#103,#104),#229,.F.);
#3480=ADVANCED_FACE('',(#1194,#105,#106,#107,#108,#109),#230,.T.);
#3481=ADVANCED_FACE('',(#1195),#231,.T.);
#3482=ADVANCED_FACE('',(#1196),#46,.F.);
#3483=ADVANCED_FACE('',(#1197),#1014,.F.);
#3484=ADVANCED_FACE('',(#1198),#47,.F.);
#3485=ADVANCED_FACE('',(#1199),#1015,.F.);
#3486=ADVANCED_FACE('',(#1200),#48,.F.);
#3487=ADVANCED_FACE('',(#1201),#1016,.F.);
#3488=ADVANCED_FACE('',(#1202),#49,.F.);
#3489=ADVANCED_FACE('',(#1203),#1017,.F.);
#3490=ADVANCED_FACE('',(#1204),#232,.T.);
#3491=ADVANCED_FACE('',(#1205),#233,.T.);
#3492=CLOSED_SHELL('',(#3304,#3305,#3306,#3307,#3308,#3309,#3310,#3311,
#3312,#3313,#3314,#3315,#3316,#3317,#3318,#3319,#3320,#3321,#3322,#3323,
#3324,#3325,#3326,#3327,#3328,#3329,#3330,#3331,#3332));
#3493=CLOSED_SHELL('',(#3333,#3334,#3335,#3336,#3337,#3338,#3339,#3340,
#3341,#3342,#3343,#3344,#3345,#3346,#3347,#3348,#3349,#3350,#3351,#3352,
#3353,#3354,#3355,#3356,#3357,#3358,#3359,#3360,#3361,#3362,#3363,#3364,
#3365,#3366,#3367,#3368,#3369,#3370,#3371,#3372,#3373,#3374,#3375,#3376,
#3377,#3378,#3379,#3380,#3381,#3382,#3383,#3384,#3385,#3386,#3387,#3388,
#3389,#3390,#3391,#3392,#3393,#3394,#3395,#3396,#3397,#3398,#3399,#3400,
#3401,#3402,#3403,#3404,#3405,#3406,#3407,#3408,#3409,#3410,#3411,#3412,
#3413,#3414,#3415,#3416,#3417,#3418,#3419,#3420,#3421,#3422,#3423,#3424,
#3425,#3426,#3427,#3428,#3429,#3430,#3431,#3432,#3433,#3434,#3435,#3436,
#3437,#3438,#3439,#3440,#3441,#3442,#3443,#3444,#3445,#3446,#3447,#3448,
#3449,#3450,#3451,#3452,#3453,#3454,#3455,#3456,#3457,#3458,#3459,#3460,
#3461,#3462,#3463,#3464,#3465,#3466));
#3494=CLOSED_SHELL('',(#3467,#3468,#3469,#3470,#3471,#3472,#3473,#3474,
#3475,#3476,#3477,#3478,#3479,#3480,#3481,#3482,#3483,#3484,#3485,#3486,
#3487,#3488,#3489,#3490,#3491));
#3495=DERIVED_UNIT_ELEMENT(#3497,1.);
#3496=DERIVED_UNIT_ELEMENT(#5786,-3.);
#3497=(
MASS_UNIT()
NAMED_UNIT(*)
SI_UNIT(.KILO.,.GRAM.)
);
#3498=DERIVED_UNIT((#3495,#3496));
#3499=MEASURE_REPRESENTATION_ITEM('density measure',
POSITIVE_RATIO_MEASURE(7850.),#3498);
#3500=PROPERTY_DEFINITION_REPRESENTATION(#3505,#3502);
#3501=PROPERTY_DEFINITION_REPRESENTATION(#3506,#3503);
#3502=REPRESENTATION('material name',(#3504),#5783);
#3503=REPRESENTATION('density',(#3499),#5783);
#3504=DESCRIPTIVE_REPRESENTATION_ITEM('Steel','Steel');
#3505=PROPERTY_DEFINITION('material property','material name',#5793);
#3506=PROPERTY_DEFINITION('material property','density of part',#5793);
#3507=AXIS2_PLACEMENT_3D('',#4741,#3794,#3795);
#3508=AXIS2_PLACEMENT_3D('',#4742,#3796,#3797);
#3509=AXIS2_PLACEMENT_3D('',#4745,#3798,#3799);
#3510=AXIS2_PLACEMENT_3D('',#4747,#3800,#3801);
#3511=AXIS2_PLACEMENT_3D('',#4748,#3802,#3803);
#3512=AXIS2_PLACEMENT_3D('',#4749,#3804,#3805);
#3513=AXIS2_PLACEMENT_3D('',#4752,#3806,#3807);
#3514=AXIS2_PLACEMENT_3D('',#4754,#3808,#3809);
#3515=AXIS2_PLACEMENT_3D('',#4755,#3810,#3811);
#3516=AXIS2_PLACEMENT_3D('',#4756,#3812,#3813);
#3517=AXIS2_PLACEMENT_3D('',#4759,#3814,#3815);
#3518=AXIS2_PLACEMENT_3D('',#4762,#3818,#3819);
#3519=AXIS2_PLACEMENT_3D('',#4765,#3822,#3823);
#3520=AXIS2_PLACEMENT_3D('',#4768,#3824,#3825);
#3521=AXIS2_PLACEMENT_3D('',#4771,#3828,#3829);
#3522=AXIS2_PLACEMENT_3D('',#4774,#3830,#3831);
#3523=AXIS2_PLACEMENT_3D('',#4777,#3834,#3835);
#3524=AXIS2_PLACEMENT_3D('',#4780,#3836,#3837);
#3525=AXIS2_PLACEMENT_3D('',#4783,#3840,#3841);
#3526=AXIS2_PLACEMENT_3D('',#4790,#3846,#3847);
#3527=AXIS2_PLACEMENT_3D('',#4792,#3849,#3850);
#3528=AXIS2_PLACEMENT_3D('',#4796,#3853,#3854);
#3529=AXIS2_PLACEMENT_3D('',#4798,#3855,#3856);
#3530=AXIS2_PLACEMENT_3D('',#4800,#3857,#3858);
#3531=AXIS2_PLACEMENT_3D('',#4802,#3859,#3860);
#3532=AXIS2_PLACEMENT_3D('',#4811,#3865,#3866);
#3533=AXIS2_PLACEMENT_3D('',#4812,#3867,#3868);
#3534=AXIS2_PLACEMENT_3D('',#4821,#3873,#3874);
#3535=AXIS2_PLACEMENT_3D('',#4827,#3878,#3879);
#3536=AXIS2_PLACEMENT_3D('',#4833,#3883,#3884);
#3537=AXIS2_PLACEMENT_3D('',#4836,#3887,#3888);
#3538=AXIS2_PLACEMENT_3D('',#4839,#3891,#3892);
#3539=AXIS2_PLACEMENT_3D('',#4841,#3894,#3895);
#3540=AXIS2_PLACEMENT_3D('',#4843,#3896,#3897);
#3541=AXIS2_PLACEMENT_3D('',#4845,#3898,#3899);
#3542=AXIS2_PLACEMENT_3D('',#4847,#3900,#3901);
#3543=AXIS2_PLACEMENT_3D('',#4849,#3902,#3903);
#3544=AXIS2_PLACEMENT_3D('',#4850,#3904,#3905);
#3545=AXIS2_PLACEMENT_3D('',#4852,#3906,#3907);
#3546=AXIS2_PLACEMENT_3D('',#4854,#3909,#3910);
#3547=AXIS2_PLACEMENT_3D('',#4856,#3912,#3913);
#3548=AXIS2_PLACEMENT_3D('',#4858,#3914,#3915);
#3549=AXIS2_PLACEMENT_3D('',#4860,#3917,#3918);
#3550=AXIS2_PLACEMENT_3D('',#4862,#3920,#3921);
#3551=AXIS2_PLACEMENT_3D('',#4864,#3922,#3923);
#3552=AXIS2_PLACEMENT_3D('',#4866,#3925,#3926);
#3553=AXIS2_PLACEMENT_3D('',#4868,#3928,#3929);
#3554=AXIS2_PLACEMENT_3D('',#4870,#3930,#3931);
#3555=AXIS2_PLACEMENT_3D('',#4872,#3933,#3934);
#3556=AXIS2_PLACEMENT_3D('',#4874,#3936,#3937);
#3557=AXIS2_PLACEMENT_3D('',#4876,#3939,#3940);
#3558=AXIS2_PLACEMENT_3D('',#4877,#3941,#3942);
#3559=AXIS2_PLACEMENT_3D('',#4878,#3943,#3944);
#3560=AXIS2_PLACEMENT_3D('',#4881,#3945,#3946);
#3561=AXIS2_PLACEMENT_3D('',#4885,#3948,#3949);
#3562=AXIS2_PLACEMENT_3D('',#4887,#3951,#3952);
#3563=AXIS2_PLACEMENT_3D('',#4891,#3954,#3955);
#3564=AXIS2_PLACEMENT_3D('',#4905,#3963,#3964);
#3565=AXIS2_PLACEMENT_3D('',#4909,#3967,#3968);
#3566=AXIS2_PLACEMENT_3D('',#4911,#3969,#3970);
#3567=AXIS2_PLACEMENT_3D('',#4913,#3972,#3973);
#3568=AXIS2_PLACEMENT_3D('',#4915,#3974,#3975);
#3569=AXIS2_PLACEMENT_3D('',#4918,#3977,#3978);
#3570=AXIS2_PLACEMENT_3D('',#4919,#3979,#3980);
#3571=AXIS2_PLACEMENT_3D('',#4926,#3984,#3985);
#3572=AXIS2_PLACEMENT_3D('',#4928,#3986,#3987);
#3573=AXIS2_PLACEMENT_3D('',#4970,#4008,#4009);
#3574=AXIS2_PLACEMENT_3D('',#4971,#4010,#4011);
#3575=AXIS2_PLACEMENT_3D('',#4973,#4012,#4013);
#3576=AXIS2_PLACEMENT_3D('',#4975,#4015,#4016);
#3577=AXIS2_PLACEMENT_3D('',#4978,#4018,#4019);
#3578=AXIS2_PLACEMENT_3D('',#4979,#4020,#4021);
#3579=AXIS2_PLACEMENT_3D('',#4981,#4022,#4023);
#3580=AXIS2_PLACEMENT_3D('',#4983,#4025,#4026);
#3581=AXIS2_PLACEMENT_3D('',#4986,#4028,#4029);
#3582=AXIS2_PLACEMENT_3D('',#4987,#4030,#4031);
#3583=AXIS2_PLACEMENT_3D('',#4989,#4032,#4033);
#3584=AXIS2_PLACEMENT_3D('',#4991,#4035,#4036);
#3585=AXIS2_PLACEMENT_3D('',#4994,#4038,#4039);
#3586=AXIS2_PLACEMENT_3D('',#4995,#4040,#4041);
#3587=AXIS2_PLACEMENT_3D('',#4997,#4042,#4043);
#3588=AXIS2_PLACEMENT_3D('',#4999,#4045,#4046);
#3589=AXIS2_PLACEMENT_3D('',#5000,#4047,#4048);
#3590=AXIS2_PLACEMENT_3D('',#5009,#4053,#4054);
#3591=AXIS2_PLACEMENT_3D('',#5015,#4058,#4059);
#3592=AXIS2_PLACEMENT_3D('',#5045,#4077,#4078);
#3593=AXIS2_PLACEMENT_3D('',#5046,#4079,#4080);
#3594=AXIS2_PLACEMENT_3D('',#5055,#4085,#4086);
#3595=AXIS2_PLACEMENT_3D('',#5058,#4089,#4090);
#3596=AXIS2_PLACEMENT_3D('',#5064,#4094,#4095);
#3597=AXIS2_PLACEMENT_3D('',#5065,#4096,#4097);
#3598=AXIS2_PLACEMENT_3D('',#5074,#4102,#4103);
#3599=AXIS2_PLACEMENT_3D('',#5075,#4104,#4105);
#3600=AXIS2_PLACEMENT_3D('',#5084,#4110,#4111);
#3601=AXIS2_PLACEMENT_3D('',#5090,#4115,#4116);
#3602=AXIS2_PLACEMENT_3D('',#5096,#4120,#4121);
#3603=AXIS2_PLACEMENT_3D('',#5098,#4123,#4124);
#3604=AXIS2_PLACEMENT_3D('',#5100,#4126,#4127);
#3605=AXIS2_PLACEMENT_3D('',#5101,#4128,#4129);
#3606=AXIS2_PLACEMENT_3D('',#5104,#4132,#4133);
#3607=AXIS2_PLACEMENT_3D('',#5107,#4136,#4137);
#3608=AXIS2_PLACEMENT_3D('',#5108,#4138,#4139);
#3609=AXIS2_PLACEMENT_3D('',#5112,#4142,#4143);
#3610=AXIS2_PLACEMENT_3D('',#5116,#4146,#4147);
#3611=AXIS2_PLACEMENT_3D('',#5118,#4149,#4150);
#3612=AXIS2_PLACEMENT_3D('',#5119,#4151,#4152);
#3613=AXIS2_PLACEMENT_3D('',#5122,#4155,#4156);
#3614=AXIS2_PLACEMENT_3D('',#5125,#4159,#4160);
#3615=AXIS2_PLACEMENT_3D('',#5126,#4161,#4162);
#3616=AXIS2_PLACEMENT_3D('',#5135,#4167,#4168);
#3617=AXIS2_PLACEMENT_3D('',#5141,#4172,#4173);
#3618=AXIS2_PLACEMENT_3D('',#5147,#4177,#4178);
#3619=AXIS2_PLACEMENT_3D('',#5150,#4181,#4182);
#3620=AXIS2_PLACEMENT_3D('',#5159,#4187,#4188);
#3621=AXIS2_PLACEMENT_3D('',#5165,#4192,#4193);
#3622=AXIS2_PLACEMENT_3D('',#5171,#4197,#4198);
#3623=AXIS2_PLACEMENT_3D('',#5174,#4201,#4202);
#3624=AXIS2_PLACEMENT_3D('',#5183,#4207,#4208);
#3625=AXIS2_PLACEMENT_3D('',#5189,#4212,#4213);
#3626=AXIS2_PLACEMENT_3D('',#5195,#4217,#4218);
#3627=AXIS2_PLACEMENT_3D('',#5198,#4221,#4222);
#3628=AXIS2_PLACEMENT_3D('',#5207,#4227,#4228);
#3629=AXIS2_PLACEMENT_3D('',#5213,#4232,#4233);
#3630=AXIS2_PLACEMENT_3D('',#5219,#4237,#4238);
#3631=AXIS2_PLACEMENT_3D('',#5222,#4241,#4242);
#3632=AXIS2_PLACEMENT_3D('',#5231,#4247,#4248);
#3633=AXIS2_PLACEMENT_3D('',#5237,#4252,#4253);
#3634=AXIS2_PLACEMENT_3D('',#5243,#4257,#4258);
#3635=AXIS2_PLACEMENT_3D('',#5246,#4261,#4262);
#3636=AXIS2_PLACEMENT_3D('',#5255,#4267,#4268);
#3637=AXIS2_PLACEMENT_3D('',#5261,#4272,#4273);
#3638=AXIS2_PLACEMENT_3D('',#5267,#4277,#4278);
#3639=AXIS2_PLACEMENT_3D('',#5270,#4281,#4282);
#3640=AXIS2_PLACEMENT_3D('',#5279,#4287,#4288);
#3641=AXIS2_PLACEMENT_3D('',#5285,#4292,#4293);
#3642=AXIS2_PLACEMENT_3D('',#5291,#4297,#4298);
#3643=AXIS2_PLACEMENT_3D('',#5294,#4301,#4302);
#3644=AXIS2_PLACEMENT_3D('',#5303,#4307,#4308);
#3645=AXIS2_PLACEMENT_3D('',#5309,#4312,#4313);
#3646=AXIS2_PLACEMENT_3D('',#5315,#4317,#4318);
#3647=AXIS2_PLACEMENT_3D('',#5318,#4321,#4322);
#3648=AXIS2_PLACEMENT_3D('',#5320,#4323,#4324);
#3649=AXIS2_PLACEMENT_3D('',#5323,#4326,#4327);
#3650=AXIS2_PLACEMENT_3D('',#5324,#4328,#4329);
#3651=AXIS2_PLACEMENT_3D('',#5333,#4334,#4335);
#3652=AXIS2_PLACEMENT_3D('',#5339,#4339,#4340);
#3653=AXIS2_PLACEMENT_3D('',#5345,#4344,#4345);
#3654=AXIS2_PLACEMENT_3D('',#5348,#4348,#4349);
#3655=AXIS2_PLACEMENT_3D('',#5349,#4350,#4351);
#3656=AXIS2_PLACEMENT_3D('',#5351,#4352,#4353);
#3657=AXIS2_PLACEMENT_3D('',#5354,#4355,#4356);
#3658=AXIS2_PLACEMENT_3D('',#5355,#4357,#4358);
#3659=AXIS2_PLACEMENT_3D('',#5364,#4363,#4364);
#3660=AXIS2_PLACEMENT_3D('',#5370,#4368,#4369);
#3661=AXIS2_PLACEMENT_3D('',#5376,#4373,#4374);
#3662=AXIS2_PLACEMENT_3D('',#5379,#4377,#4378);
#3663=AXIS2_PLACEMENT_3D('',#5380,#4379,#4380);
#3664=AXIS2_PLACEMENT_3D('',#5383,#4381,#4382);
#3665=AXIS2_PLACEMENT_3D('',#5396,#4383,#4384);
#3666=AXIS2_PLACEMENT_3D('',#5401,#4385,#4386);
#3667=AXIS2_PLACEMENT_3D('',#5414,#4387,#4388);
#3668=AXIS2_PLACEMENT_3D('',#5415,#4389,#4390);
#3669=AXIS2_PLACEMENT_3D('',#5416,#4391,#4392);
#3670=AXIS2_PLACEMENT_3D('',#5417,#4393,#4394);
#3671=AXIS2_PLACEMENT_3D('',#5418,#4395,#4396);
#3672=AXIS2_PLACEMENT_3D('',#5419,#4397,#4398);
#3673=AXIS2_PLACEMENT_3D('',#5423,#4400,#4401);
#3674=AXIS2_PLACEMENT_3D('',#5425,#4403,#4404);
#3675=AXIS2_PLACEMENT_3D('',#5428,#4406,#4407);
#3676=AXIS2_PLACEMENT_3D('',#5429,#4408,#4409);
#3677=AXIS2_PLACEMENT_3D('',#5437,#4414,#4415);
#3678=AXIS2_PLACEMENT_3D('',#5440,#4416,#4417);
#3679=AXIS2_PLACEMENT_3D('',#5453,#4418,#4419);
#3680=AXIS2_PLACEMENT_3D('',#5458,#4420,#4421);
#3681=AXIS2_PLACEMENT_3D('',#5460,#4422,#4423);
#3682=AXIS2_PLACEMENT_3D('',#5472,#4424,#4425);
#3683=AXIS2_PLACEMENT_3D('',#5473,#4426,#4427);
#3684=AXIS2_PLACEMENT_3D('',#5475,#4428,#4429);
#3685=AXIS2_PLACEMENT_3D('',#5477,#4430,#4431);
#3686=AXIS2_PLACEMENT_3D('',#5482,#4432,#4433);
#3687=AXIS2_PLACEMENT_3D('',#5483,#4434,#4435);
#3688=AXIS2_PLACEMENT_3D('',#5484,#4436,#4437);
#3689=AXIS2_PLACEMENT_3D('',#5485,#4438,#4439);
#3690=AXIS2_PLACEMENT_3D('',#5489,#4441,#4442);
#3691=AXIS2_PLACEMENT_3D('',#5491,#4444,#4445);
#3692=AXIS2_PLACEMENT_3D('',#5494,#4447,#4448);
#3693=AXIS2_PLACEMENT_3D('',#5495,#4449,#4450);
#3694=AXIS2_PLACEMENT_3D('',#5503,#4455,#4456);
#3695=AXIS2_PLACEMENT_3D('',#5505,#4457,#4458);
#3696=AXIS2_PLACEMENT_3D('',#5508,#4460,#4461);
#3697=AXIS2_PLACEMENT_3D('',#5509,#4462,#4463);
#3698=AXIS2_PLACEMENT_3D('',#5520,#4469,#4470);
#3699=AXIS2_PLACEMENT_3D('',#5522,#4471,#4472);
#3700=AXIS2_PLACEMENT_3D('',#5524,#4474,#4475);
#3701=AXIS2_PLACEMENT_3D('',#5538,#4476,#4477);
#3702=AXIS2_PLACEMENT_3D('',#5550,#4478,#4479);
#3703=AXIS2_PLACEMENT_3D('',#5551,#4480,#4481);
#3704=AXIS2_PLACEMENT_3D('',#5552,#4482,#4483);
#3705=AXIS2_PLACEMENT_3D('',#5553,#4484,#4485);
#3706=AXIS2_PLACEMENT_3D('',#5554,#4486,#4487);
#3707=AXIS2_PLACEMENT_3D('',#5558,#4489,#4490);
#3708=AXIS2_PLACEMENT_3D('',#5560,#4492,#4493);
#3709=AXIS2_PLACEMENT_3D('',#5571,#4499,#4500);
#3710=AXIS2_PLACEMENT_3D('',#5582,#4506,#4507);
#3711=AXIS2_PLACEMENT_3D('',#5583,#4508,#4509);
#3712=AXIS2_PLACEMENT_3D('',#5591,#4514,#4515);
#3713=AXIS2_PLACEMENT_3D('',#5592,#4516,#4517);
#3714=AXIS2_PLACEMENT_3D('',#5603,#4523,#4524);
#3715=AXIS2_PLACEMENT_3D('',#5612,#4529,#4530);
#3716=AXIS2_PLACEMENT_3D('',#5613,#4531,#4532);
#3717=AXIS2_PLACEMENT_3D('',#5614,#4533,#4534);
#3718=AXIS2_PLACEMENT_3D('',#5615,#4535,#4536);
#3719=AXIS2_PLACEMENT_3D('',#5618,#4539,#4540);
#3720=AXIS2_PLACEMENT_3D('',#5620,#4542,#4543);
#3721=AXIS2_PLACEMENT_3D('',#5622,#4545,#4546);
#3722=AXIS2_PLACEMENT_3D('',#5623,#4547,#4548);
#3723=AXIS2_PLACEMENT_3D('',#5625,#4550,#4551);
#3724=AXIS2_PLACEMENT_3D('',#5628,#4554,#4555);
#3725=AXIS2_PLACEMENT_3D('',#5630,#4557,#4558);
#3726=AXIS2_PLACEMENT_3D('',#5632,#4560,#4561);
#3727=AXIS2_PLACEMENT_3D('',#5634,#4563,#4564);
#3728=AXIS2_PLACEMENT_3D('',#5635,#4565,#4566);
#3729=AXIS2_PLACEMENT_3D('',#5637,#4568,#4569);
#3730=AXIS2_PLACEMENT_3D('',#5642,#4574,#4575);
#3731=AXIS2_PLACEMENT_3D('',#5643,#4576,#4577);
#3732=AXIS2_PLACEMENT_3D('',#5645,#4579,#4580);
#3733=AXIS2_PLACEMENT_3D('',#5647,#4582,#4583);
#3734=AXIS2_PLACEMENT_3D('',#5648,#4584,#4585);
#3735=AXIS2_PLACEMENT_3D('',#5650,#4587,#4588);
#3736=AXIS2_PLACEMENT_3D('',#5652,#4590,#4591);
#3737=AXIS2_PLACEMENT_3D('',#5653,#4592,#4593);
#3738=AXIS2_PLACEMENT_3D('',#5654,#4594,#4595);
#3739=AXIS2_PLACEMENT_3D('',#5655,#4596,#4597);
#3740=AXIS2_PLACEMENT_3D('',#5656,#4598,#4599);
#3741=AXIS2_PLACEMENT_3D('',#5658,#4601,#4602);
#3742=AXIS2_PLACEMENT_3D('',#5660,#4604,#4605);
#3743=AXIS2_PLACEMENT_3D('',#5661,#4606,#4607);
#3744=AXIS2_PLACEMENT_3D('',#5670,#4612,#4613);
#3745=AXIS2_PLACEMENT_3D('',#5672,#4614,#4615);
#3746=AXIS2_PLACEMENT_3D('',#5675,#4617,#4618);
#3747=AXIS2_PLACEMENT_3D('',#5676,#4619,#4620);
#3748=AXIS2_PLACEMENT_3D('',#5682,#4624,#4625);
#3749=AXIS2_PLACEMENT_3D('',#5683,#4626,#4627);
#3750=AXIS2_PLACEMENT_3D('',#5684,#4628,#4629);
#3751=AXIS2_PLACEMENT_3D('',#5685,#4630,#4631);
#3752=AXIS2_PLACEMENT_3D('',#5688,#4632,#4633);
#3753=AXIS2_PLACEMENT_3D('',#5690,#4634,#4635);
#3754=AXIS2_PLACEMENT_3D('',#5691,#4636,#4637);
#3755=AXIS2_PLACEMENT_3D('',#5692,#4638,#4639);
#3756=AXIS2_PLACEMENT_3D('',#5695,#4640,#4641);
#3757=AXIS2_PLACEMENT_3D('',#5698,#4644,#4645);
#3758=AXIS2_PLACEMENT_3D('',#5701,#4646,#4647);
#3759=AXIS2_PLACEMENT_3D('',#5703,#4648,#4649);
#3760=AXIS2_PLACEMENT_3D('',#5704,#4650,#4651);
#3761=AXIS2_PLACEMENT_3D('',#5705,#4652,#4653);
#3762=AXIS2_PLACEMENT_3D('',#5708,#4654,#4655);
#3763=AXIS2_PLACEMENT_3D('',#5711,#4658,#4659);
#3764=AXIS2_PLACEMENT_3D('',#5714,#4660,#4661);
#3765=AXIS2_PLACEMENT_3D('',#5717,#4664,#4665);
#3766=AXIS2_PLACEMENT_3D('',#5720,#4668,#4669);
#3767=AXIS2_PLACEMENT_3D('',#5723,#4670,#4671);
#3768=AXIS2_PLACEMENT_3D('',#5726,#4674,#4675);
#3769=AXIS2_PLACEMENT_3D('',#5730,#4678,#4679);
#3770=AXIS2_PLACEMENT_3D('',#5736,#4683,#4684);
#3771=AXIS2_PLACEMENT_3D('',#5738,#4685,#4686);
#3772=AXIS2_PLACEMENT_3D('',#5740,#4687,#4688);
#3773=AXIS2_PLACEMENT_3D('',#5742,#4689,#4690);
#3774=AXIS2_PLACEMENT_3D('',#5743,#4691,#4692);
#3775=AXIS2_PLACEMENT_3D('',#5746,#4694,#4695);
#3776=AXIS2_PLACEMENT_3D('',#5748,#4696,#4697);
#3777=AXIS2_PLACEMENT_3D('',#5750,#4698,#4699);
#3778=AXIS2_PLACEMENT_3D('',#5752,#4700,#4701);
#3779=AXIS2_PLACEMENT_3D('',#5753,#4702,#4703);
#3780=AXIS2_PLACEMENT_3D('',#5755,#4705,#4706);
#3781=AXIS2_PLACEMENT_3D('',#5758,#4708,#4709);
#3782=AXIS2_PLACEMENT_3D('',#5759,#4710,#4711);
#3783=AXIS2_PLACEMENT_3D('',#5761,#4713,#4714);
#3784=AXIS2_PLACEMENT_3D('',#5764,#4716,#4717);
#3785=AXIS2_PLACEMENT_3D('',#5765,#4718,#4719);
#3786=AXIS2_PLACEMENT_3D('',#5767,#4721,#4722);
#3787=AXIS2_PLACEMENT_3D('',#5770,#4724,#4725);
#3788=AXIS2_PLACEMENT_3D('',#5771,#4726,#4727);
#3789=AXIS2_PLACEMENT_3D('',#5773,#4729,#4730);
#3790=AXIS2_PLACEMENT_3D('',#5776,#4732,#4733);
#3791=AXIS2_PLACEMENT_3D('',#5777,#4734,#4735);
#3792=AXIS2_PLACEMENT_3D('',#5779,#4737,#4738);
#3793=AXIS2_PLACEMENT_3D('',#5780,#4739,#4740);
#3794=DIRECTION('axis',(0.,0.,1.));
#3795=DIRECTION('refdir',(1.,0.,0.));
#3796=DIRECTION('center_axis',(-0.40824829046386,-0.816496580927725,-0.408248290463867));
#3797=DIRECTION('ref_axis',(0.577350269189617,-0.577350269189629,0.577350269189631));
#3798=DIRECTION('center_axis',(0.,-1.,0.));
#3799=DIRECTION('ref_axis',(0.,0.,1.));
#3800=DIRECTION('center_axis',(1.,0.,8.88178419700124E-15));
#3801=DIRECTION('ref_axis',(0.,-1.,0.));
#3802=DIRECTION('center_axis',(0.,-4.44089209850063E-15,1.));
#3803=DIRECTION('ref_axis',(1.,0.,0.));
#3804=DIRECTION('center_axis',(-0.408248290463863,-0.408248290463862,-0.816496580927726));
#3805=DIRECTION('ref_axis',(-0.577350269189627,-0.577350269189626,0.577350269189624));
#3806=DIRECTION('center_axis',(0.,-1.,0.));
#3807=DIRECTION('ref_axis',(-1.,0.,0.));
#3808=DIRECTION('center_axis',(0.,0.,1.));
#3809=DIRECTION('ref_axis',(0.,-1.,0.));
#3810=DIRECTION('center_axis',(-1.,-4.44089209850063E-15,0.));
#3811=DIRECTION('ref_axis',(0.,0.,1.));
#3812=DIRECTION('center_axis',(1.09381580442833E-16,0.,-1.));
#3813=DIRECTION('ref_axis',(-0.707106781186548,-0.707106781186547,0.));
#3814=DIRECTION('center_axis',(-1.11022302462516E-16,0.,1.));
#3815=DIRECTION('ref_axis',(-0.707106781186548,-0.707106781186547,0.));
#3816=DIRECTION('',(-1.09381580442833E-16,0.,1.));
#3817=DIRECTION('',(1.09381580442833E-16,0.,-1.));
#3818=DIRECTION('center_axis',(1.,0.,1.0778864481655E-16));
#3819=DIRECTION('ref_axis',(0.,-0.707106781186546,0.707106781186549));
#3820=DIRECTION('',(-1.,0.,-1.0778864481655E-16));
#3821=DIRECTION('',(1.,0.,1.0778864481655E-16));
#3822=DIRECTION('center_axis',(0.,1.,0.));
#3823=DIRECTION('ref_axis',(-0.707106781186546,0.,0.707106781186549));
#3824=DIRECTION('center_axis',(0.,-1.,0.));
#3825=DIRECTION('ref_axis',(-0.707106781186546,0.,0.707106781186549));
#3826=DIRECTION('',(0.,-1.,0.));
#3827=DIRECTION('',(0.,1.,0.));
#3828=DIRECTION('center_axis',(2.18763160885665E-16,0.,-1.));
#3829=DIRECTION('ref_axis',(0.707106781186549,-0.707106781186546,0.));
#3830=DIRECTION('center_axis',(-1.11022302462516E-16,0.,1.));
#3831=DIRECTION('ref_axis',(0.707106781186549,-0.707106781186546,0.));
#3832=DIRECTION('',(-2.18763160885665E-16,0.,1.));
#3833=DIRECTION('',(2.18763160885665E-16,0.,-1.));
#3834=DIRECTION('center_axis',(0.,1.,0.));
#3835=DIRECTION('ref_axis',(0.707106781186554,0.,0.707106781186541));
#3836=DIRECTION('center_axis',(0.,-1.,0.));
#3837=DIRECTION('ref_axis',(0.707106781186554,0.,0.707106781186541));
#3838=DIRECTION('',(0.,-1.,0.));
#3839=DIRECTION('',(0.,1.,0.));
#3840=DIRECTION('center_axis',(1.11022302462516E-16,0.,-1.));
#3841=DIRECTION('ref_axis',(-1.,0.,-1.11022302462516E-16));
#3842=DIRECTION('',(0.,1.,0.));
#3843=DIRECTION('',(-1.,0.,-1.11022302462516E-16));
#3844=DIRECTION('',(0.,1.,0.));
#3845=DIRECTION('',(1.,0.,1.11022302462516E-16));
#3846=DIRECTION('center_axis',(-1.,0.,-1.09381580442833E-16));
#3847=DIRECTION('ref_axis',(-1.09381580442833E-16,0.,1.));
#3848=DIRECTION('',(-1.09381580442833E-16,0.,1.));
#3849=DIRECTION('center_axis',(0.,1.,0.));
#3850=DIRECTION('ref_axis',(1.,0.,0.));
#3851=DIRECTION('',(1.,0.,1.0778864481655E-16));
#3852=DIRECTION('',(2.18763160885665E-16,0.,-1.));
#3853=DIRECTION('center_axis',(0.,-1.,0.));
#3854=DIRECTION('ref_axis',(1.,0.,0.));
#3855=DIRECTION('center_axis',(0.,-1.,0.));
#3856=DIRECTION('ref_axis',(1.,0.,0.));
#3857=DIRECTION('center_axis',(0.,-1.,0.));
#3858=DIRECTION('ref_axis',(1.,0.,0.));
#3859=DIRECTION('center_axis',(0.,-1.,0.));
#3860=DIRECTION('ref_axis',(1.,0.,0.));
#3861=DIRECTION('',(0.,0.,1.));
#3862=DIRECTION('',(-1.,0.,0.));
#3863=DIRECTION('',(5.82284815685089E-17,0.,-1.));
#3864=DIRECTION('',(1.,0.,0.));
#3865=DIRECTION('center_axis',(-1.0778864481655E-16,0.,1.));
#3866=DIRECTION('ref_axis',(1.,0.,1.0778864481655E-16));
#3867=DIRECTION('center_axis',(-0.707106781186549,-0.707106781186546,0.));
#3868=DIRECTION('ref_axis',(0.,0.,1.));
#3869=DIRECTION('',(0.,0.,-1.));
#3870=DIRECTION('',(0.577350269189623,-0.577350269189625,-0.577350269189629));
#3871=DIRECTION('',(0.,0.,1.));
#3872=DIRECTION('',(-0.577350269189625,0.577350269189627,-0.577350269189625));
#3873=DIRECTION('center_axis',(0.,-0.707106781186546,-0.707106781186549));
#3874=DIRECTION('ref_axis',(-1.,0.,0.));
#3875=DIRECTION('',(-1.,0.,0.));
#3876=DIRECTION('',(0.577350269189628,0.577350269189626,-0.577350269189624));
#3877=DIRECTION('',(1.,0.,0.));
#3878=DIRECTION('center_axis',(0.707106781186546,-0.707106781186549,4.11737541752885E-17));
#3879=DIRECTION('ref_axis',(5.82284815685089E-17,0.,-1.));
#3880=DIRECTION('',(-5.82284815685089E-17,0.,1.));
#3881=DIRECTION('',(5.82284815685089E-17,0.,-1.));
#3882=DIRECTION('',(0.577350269189627,0.577350269189625,0.577350269189626));
#3883=DIRECTION('center_axis',(0.,-0.707106781186548,0.707106781186547));
#3884=DIRECTION('ref_axis',(1.,0.,0.));
#3885=DIRECTION('',(-1.,0.,0.));
#3886=DIRECTION('',(1.,0.,0.));
#3887=DIRECTION('center_axis',(0.,0.,1.));
#3888=DIRECTION('ref_axis',(1.,0.,0.));
#3889=DIRECTION('',(0.,1.,0.));
#3890=DIRECTION('',(0.,1.,0.));
#3891=DIRECTION('center_axis',(-1.,0.,0.));
#3892=DIRECTION('ref_axis',(0.,0.,1.));
#3893=DIRECTION('',(0.,1.,0.));
#3894=DIRECTION('center_axis',(0.,1.,0.));
#3895=DIRECTION('ref_axis',(1.,0.,0.));
#3896=DIRECTION('center_axis',(0.,-1.,0.));
#3897=DIRECTION('ref_axis',(1.,0.,0.));
#3898=DIRECTION('center_axis',(0.,-1.,0.));
#3899=DIRECTION('ref_axis',(1.,0.,0.));
#3900=DIRECTION('center_axis',(0.,-1.,0.));
#3901=DIRECTION('ref_axis',(1.,0.,0.));
#3902=DIRECTION('center_axis',(0.,-1.,0.));
#3903=DIRECTION('ref_axis',(1.,0.,0.));
#3904=DIRECTION('center_axis',(0.,-1.,0.));
#3905=DIRECTION('ref_axis',(1.,0.,0.));
#3906=DIRECTION('center_axis',(0.,1.,0.));
#3907=DIRECTION('ref_axis',(1.,0.,0.));
#3908=DIRECTION('',(-0.707106781186548,-0.707106781186547,8.65956056235494E-17));
#3909=DIRECTION('center_axis',(0.,1.,0.));
#3910=DIRECTION('ref_axis',(1.,0.,0.));
#3911=DIRECTION('',(0.,-1.,0.));
#3912=DIRECTION('center_axis',(0.,-1.,0.));
#3913=DIRECTION('ref_axis',(1.,0.,0.));
#3914=DIRECTION('center_axis',(0.,1.,0.));
#3915=DIRECTION('ref_axis',(1.,0.,0.));
#3916=DIRECTION('',(-0.707106781186548,-0.707106781186547,8.65956056235494E-17));
#3917=DIRECTION('center_axis',(0.,1.,0.));
#3918=DIRECTION('ref_axis',(1.,0.,0.));
#3919=DIRECTION('',(0.,-1.,0.));
#3920=DIRECTION('center_axis',(0.,-1.,0.));
#3921=DIRECTION('ref_axis',(1.,0.,0.));
#3922=DIRECTION('center_axis',(0.,1.,0.));
#3923=DIRECTION('ref_axis',(1.,0.,0.));
#3924=DIRECTION('',(-0.707106781186548,-0.707106781186547,8.65956056235494E-17));
#3925=DIRECTION('center_axis',(0.,1.,0.));
#3926=DIRECTION('ref_axis',(1.,0.,0.));
#3927=DIRECTION('',(0.,-1.,0.));
#3928=DIRECTION('center_axis',(0.,-1.,0.));
#3929=DIRECTION('ref_axis',(1.,0.,0.));
#3930=DIRECTION('center_axis',(0.,1.,0.));
#3931=DIRECTION('ref_axis',(1.,0.,0.));
#3932=DIRECTION('',(-0.707106781186548,-0.707106781186547,8.65956056235494E-17));
#3933=DIRECTION('center_axis',(0.,1.,0.));
#3934=DIRECTION('ref_axis',(1.,0.,0.));
#3935=DIRECTION('',(0.,-1.,0.));
#3936=DIRECTION('center_axis',(1.,0.,5.82284815685089E-17));
#3937=DIRECTION('ref_axis',(5.82284815685089E-17,0.,-1.));
#3938=DIRECTION('',(0.,1.,0.));
#3939=DIRECTION('center_axis',(0.,0.,-1.));
#3940=DIRECTION('ref_axis',(-1.,0.,0.));
#3941=DIRECTION('center_axis',(1.,0.,2.18763160885665E-16));
#3942=DIRECTION('ref_axis',(2.18763160885665E-16,0.,-1.));
#3943=DIRECTION('center_axis',(0.,1.,0.));
#3944=DIRECTION('ref_axis',(0.707106781186548,0.,0.707106781186548));
#3945=DIRECTION('center_axis',(0.,-1.,0.));
#3946=DIRECTION('ref_axis',(0.707106781186548,0.,0.707106781186548));
#3947=DIRECTION('',(0.,-1.,0.));
#3948=DIRECTION('center_axis',(0.,1.,0.));
#3949=DIRECTION('ref_axis',(0.707106781186548,0.,0.707106781186548));
#3950=DIRECTION('',(0.,1.,0.));
#3951=DIRECTION('center_axis',(0.,-1.,0.));
#3952=DIRECTION('ref_axis',(0.,0.,-1.));
#3953=DIRECTION('',(-1.,0.,0.));
#3954=DIRECTION('center_axis',(0.,1.,0.));
#3955=DIRECTION('ref_axis',(-0.707106781186546,0.,0.707106781186549));
#3956=DIRECTION('',(0.,0.,-1.));
#3957=DIRECTION('',(1.,0.,0.));
#3958=DIRECTION('',(0.,0.,1.));
#3959=DIRECTION('',(1.,0.,0.));
#3960=DIRECTION('',(0.,0.,-1.));
#3961=DIRECTION('',(-1.,0.,0.));
#3962=DIRECTION('',(0.,0.,1.));
#3963=DIRECTION('center_axis',(0.,0.,1.));
#3964=DIRECTION('ref_axis',(1.,0.,0.));
#3965=DIRECTION('',(1.,0.,0.));
#3966=DIRECTION('',(0.,1.,0.));
#3967=DIRECTION('center_axis',(0.,1.,0.));
#3968=DIRECTION('ref_axis',(-0.707106781186546,0.,0.707106781186549));
#3969=DIRECTION('center_axis',(0.,-1.,0.));
#3970=DIRECTION('ref_axis',(-0.707106781186546,0.,0.707106781186549));
#3971=DIRECTION('',(0.,-1.,0.));
#3972=DIRECTION('center_axis',(0.,1.,0.));
#3973=DIRECTION('ref_axis',(1.,0.,0.));
#3974=DIRECTION('center_axis',(0.,1.,0.));
#3975=DIRECTION('ref_axis',(1.,0.,0.));
#3976=DIRECTION('',(0.707106781186555,-0.70710678118654,-8.65956056235503E-17));
#3977=DIRECTION('center_axis',(0.,-1.,0.));
#3978=DIRECTION('ref_axis',(1.,0.,0.));
#3979=DIRECTION('center_axis',(0.,1.,0.));
#3980=DIRECTION('ref_axis',(1.,0.,0.));
#3981=DIRECTION('',(0.,0.,-1.));
#3982=DIRECTION('',(-1.,0.,-3.53747540262928E-16));
#3983=DIRECTION('',(-4.3752632490269E-16,0.,1.));
#3984=DIRECTION('center_axis',(0.,1.,0.));
#3985=DIRECTION('ref_axis',(1.,0.,0.));
#3986=DIRECTION('center_axis',(0.,1.,0.));
#3987=DIRECTION('ref_axis',(1.,0.,0.));
#3988=DIRECTION('',(-1.,0.,0.));
#3989=DIRECTION('',(0.,0.,1.));
#3990=DIRECTION('',(-1.,0.,0.));
#3991=DIRECTION('',(0.,0.,1.));
#3992=DIRECTION('',(-1.,0.,0.));
#3993=DIRECTION('',(0.,0.,1.));
#3994=DIRECTION('',(-1.,0.,0.));
#3995=DIRECTION('',(0.,0.,1.));
#3996=DIRECTION('',(-1.,0.,0.));
#3997=DIRECTION('',(4.98976653000398E-16,0.,-1.));
#3998=DIRECTION('',(1.,0.,3.55587454264597E-16));
#3999=DIRECTION('',(3.01282780662476E-16,0.,-1.));
#4000=DIRECTION('',(1.,0.,3.09254498353556E-16));
#4001=DIRECTION('',(3.0128278294681E-16,0.,-1.));
#4002=DIRECTION('',(1.,0.,3.55587454264597E-16));
#4003=DIRECTION('',(0.,0.,-1.));
#4004=DIRECTION('',(1.,0.,0.));
#4005=DIRECTION('',(0.,0.,-1.));
#4006=DIRECTION('',(1.,0.,3.55587454264597E-16));
#4007=DIRECTION('',(0.,0.,1.));
#4008=DIRECTION('center_axis',(0.,1.,0.));
#4009=DIRECTION('ref_axis',(1.,0.,0.));
#4010=DIRECTION('center_axis',(0.,-1.,0.));
#4011=DIRECTION('ref_axis',(1.,0.,0.));
#4012=DIRECTION('center_axis',(0.,1.,0.));
#4013=DIRECTION('ref_axis',(1.,0.,0.));
#4014=DIRECTION('',(0.,1.,0.));
#4015=DIRECTION('center_axis',(0.,1.,0.));
#4016=DIRECTION('ref_axis',(1.,0.,0.));
#4017=DIRECTION('',(0.707106781186555,-0.70710678118654,-8.65956056235503E-17));
#4018=DIRECTION('center_axis',(0.,-1.,0.));
#4019=DIRECTION('ref_axis',(1.,0.,0.));
#4020=DIRECTION('center_axis',(0.,-1.,0.));
#4021=DIRECTION('ref_axis',(1.,0.,0.));
#4022=DIRECTION('center_axis',(0.,1.,0.));
#4023=DIRECTION('ref_axis',(1.,0.,0.));
#4024=DIRECTION('',(0.,1.,0.));
#4025=DIRECTION('center_axis',(0.,1.,0.));
#4026=DIRECTION('ref_axis',(1.,0.,0.));
#4027=DIRECTION('',(0.707106781186555,-0.70710678118654,-8.65956056235503E-17));
#4028=DIRECTION('center_axis',(0.,-1.,0.));
#4029=DIRECTION('ref_axis',(1.,0.,0.));
#4030=DIRECTION('center_axis',(0.,-1.,0.));
#4031=DIRECTION('ref_axis',(1.,0.,0.));
#4032=DIRECTION('center_axis',(0.,1.,0.));
#4033=DIRECTION('ref_axis',(1.,0.,0.));
#4034=DIRECTION('',(0.,1.,0.));
#4035=DIRECTION('center_axis',(0.,1.,0.));
#4036=DIRECTION('ref_axis',(1.,0.,0.));
#4037=DIRECTION('',(0.707106781186555,-0.70710678118654,-8.65956056235503E-17));
#4038=DIRECTION('center_axis',(0.,-1.,0.));
#4039=DIRECTION('ref_axis',(1.,0.,0.));
#4040=DIRECTION('center_axis',(0.,-1.,0.));
#4041=DIRECTION('ref_axis',(1.,0.,0.));
#4042=DIRECTION('center_axis',(0.,1.,0.));
#4043=DIRECTION('ref_axis',(1.,0.,0.));
#4044=DIRECTION('',(0.,1.,0.));
#4045=DIRECTION('center_axis',(0.,-1.,0.));
#4046=DIRECTION('ref_axis',(1.,0.,0.));
#4047=DIRECTION('center_axis',(-1.,0.,0.));
#4048=DIRECTION('ref_axis',(0.,0.,-1.));
#4049=DIRECTION('',(0.,0.,1.));
#4050=DIRECTION('',(0.,1.,0.));
#4051=DIRECTION('',(0.,0.,-1.));
#4052=DIRECTION('',(0.,-1.,0.));
#4053=DIRECTION('center_axis',(0.,-1.,0.));
#4054=DIRECTION('ref_axis',(0.,0.,-1.));
#4055=DIRECTION('',(-1.,0.,-3.55587454264597E-16));
#4056=DIRECTION('',(0.,0.,1.));
#4057=DIRECTION('',(-1.,0.,0.));
#4058=DIRECTION('center_axis',(-3.55587454264597E-16,0.,1.));
#4059=DIRECTION('ref_axis',(1.,0.,3.55587454264597E-16));
#4060=DIRECTION('',(0.,-1.,0.));
#4061=DIRECTION('',(-1.,0.,-3.55587454264597E-16));
#4062=DIRECTION('',(0.,1.,0.));
#4063=DIRECTION('',(0.,-1.,0.));
#4064=DIRECTION('',(-1.,0.,-3.55587454264597E-16));
#4065=DIRECTION('',(0.,1.,0.));
#4066=DIRECTION('',(0.,1.,0.));
#4067=DIRECTION('',(0.,1.,0.));
#4068=DIRECTION('',(0.,-1.,0.));
#4069=DIRECTION('',(1.,0.,0.));
#4070=DIRECTION('',(0.,1.,0.));
#4071=DIRECTION('',(1.,0.,0.));
#4072=DIRECTION('',(0.,1.,0.));
#4073=DIRECTION('',(1.,0.,0.));
#4074=DIRECTION('',(0.,1.,0.));
#4075=DIRECTION('',(1.,0.,0.));
#4076=DIRECTION('',(0.,1.,0.));
#4077=DIRECTION('center_axis',(0.,-1.,0.));
#4078=DIRECTION('ref_axis',(1.,0.,0.));
#4079=DIRECTION('center_axis',(0.,0.,1.));
#4080=DIRECTION('ref_axis',(-1.,0.,0.));
#4081=DIRECTION('',(-1.,0.,0.));
#4082=DIRECTION('',(0.,-1.,0.));
#4083=DIRECTION('',(-1.,0.,0.));
#4084=DIRECTION('',(0.,-1.,0.));
#4085=DIRECTION('center_axis',(0.,-1.,0.));
#4086=DIRECTION('ref_axis',(0.,0.,-1.));
#4087=DIRECTION('',(0.,0.,-1.));
#4088=DIRECTION('',(0.,0.,1.));
#4089=DIRECTION('center_axis',(0.,-1.,0.));
#4090=DIRECTION('ref_axis',(1.,0.,0.));
#4091=DIRECTION('',(-1.,0.,-3.09254498353556E-16));
#4092=DIRECTION('',(0.,0.,-1.));
#4093=DIRECTION('',(0.,0.,1.));
#4094=DIRECTION('center_axis',(0.,-1.,0.));
#4095=DIRECTION('ref_axis',(1.,0.,0.));
#4096=DIRECTION('center_axis',(0.,-1.,0.));
#4097=DIRECTION('ref_axis',(0.,0.,-1.));
#4098=DIRECTION('',(1.,0.,0.));
#4099=DIRECTION('',(0.,0.,1.));
#4100=DIRECTION('',(1.,0.,0.));
#4101=DIRECTION('',(0.,0.,-1.));
#4102=DIRECTION('center_axis',(0.,-1.,0.));
#4103=DIRECTION('ref_axis',(1.,0.,0.));
#4104=DIRECTION('center_axis',(0.,0.,-1.));
#4105=DIRECTION('ref_axis',(1.,0.,0.));
#4106=DIRECTION('',(-1.,0.,0.));
#4107=DIRECTION('',(0.,-1.,0.));
#4108=DIRECTION('',(1.,0.,0.));
#4109=DIRECTION('',(0.,-1.,0.));
#4110=DIRECTION('center_axis',(0.,-1.,0.));
#4111=DIRECTION('ref_axis',(0.,0.,-1.));
#4112=DIRECTION('',(1.,0.,0.));
#4113=DIRECTION('',(0.,0.,-1.));
#4114=DIRECTION('',(0.,0.,1.));
#4115=DIRECTION('center_axis',(0.,-1.,0.));
#4116=DIRECTION('ref_axis',(1.,0.,0.));
#4117=DIRECTION('',(1.,0.,0.));
#4118=DIRECTION('',(0.,0.,-1.));
#4119=DIRECTION('',(0.,0.,1.));
#4120=DIRECTION('center_axis',(1.,0.,3.0128278294681E-16));
#4121=DIRECTION('ref_axis',(-3.0128278294681E-16,0.,1.));
#4122=DIRECTION('',(0.,-1.,0.));
#4123=DIRECTION('center_axis',(-1.,0.,-3.01282780662476E-16));
#4124=DIRECTION('ref_axis',(3.01282780662476E-16,0.,-1.));
#4125=DIRECTION('',(0.,-1.,0.));
#4126=DIRECTION('center_axis',(-3.09254498353556E-16,0.,1.));
#4127=DIRECTION('ref_axis',(-1.,0.,-3.09254498353556E-16));
#4128=DIRECTION('center_axis',(-1.,0.,0.));
#4129=DIRECTION('ref_axis',(0.,0.,-1.));
#4130=DIRECTION('',(0.,-1.,0.));
#4131=DIRECTION('',(0.,-1.,0.));
#4132=DIRECTION('center_axis',(1.,0.,0.));
#4133=DIRECTION('ref_axis',(0.,0.,1.));
#4134=DIRECTION('',(0.,1.,0.));
#4135=DIRECTION('',(0.,-1.,0.));
#4136=DIRECTION('center_axis',(0.,0.,-1.));
#4137=DIRECTION('ref_axis',(1.,0.,0.));
#4138=DIRECTION('center_axis',(1.,0.,0.));
#4139=DIRECTION('ref_axis',(0.,0.,1.));
#4140=DIRECTION('',(0.,-1.,0.));
#4141=DIRECTION('',(0.,-1.,0.));
#4142=DIRECTION('center_axis',(-1.,0.,0.));
#4143=DIRECTION('ref_axis',(0.,0.,-1.));
#4144=DIRECTION('',(0.,0.,-1.));
#4145=DIRECTION('',(0.,-1.,0.));
#4146=DIRECTION('center_axis',(0.,0.,1.));
#4147=DIRECTION('ref_axis',(-1.,0.,0.));
#4148=DIRECTION('',(-1.,0.,0.));
#4149=DIRECTION('center_axis',(0.,1.,0.));
#4150=DIRECTION('ref_axis',(1.,0.,0.));
#4151=DIRECTION('center_axis',(-1.,0.,0.));
#4152=DIRECTION('ref_axis',(0.,0.,-1.));
#4153=DIRECTION('',(0.,-1.,0.));
#4154=DIRECTION('',(0.,-1.,0.));
#4155=DIRECTION('center_axis',(1.,0.,0.));
#4156=DIRECTION('ref_axis',(0.,0.,1.));
#4157=DIRECTION('',(0.,1.,0.));
#4158=DIRECTION('',(0.,-1.,0.));
#4159=DIRECTION('center_axis',(0.,0.,-1.));
#4160=DIRECTION('ref_axis',(1.,0.,0.));
#4161=DIRECTION('center_axis',(0.,-1.,0.));
#4162=DIRECTION('ref_axis',(0.,0.,1.));
#4163=DIRECTION('',(0.,0.,1.));
#4164=DIRECTION('',(-1.,0.,0.));
#4165=DIRECTION('',(0.,0.,-1.));
#4166=DIRECTION('',(-1.,0.,0.));
#4167=DIRECTION('center_axis',(0.,0.,-1.));
#4168=DIRECTION('ref_axis',(0.,-1.,0.));
#4169=DIRECTION('',(0.,-1.,0.));
#4170=DIRECTION('',(-1.,0.,0.));
#4171=DIRECTION('',(0.,1.,0.));
#4172=DIRECTION('center_axis',(0.,1.,0.));
#4173=DIRECTION('ref_axis',(0.,0.,-1.));
#4174=DIRECTION('',(0.,0.,-1.));
#4175=DIRECTION('',(-1.,0.,0.));
#4176=DIRECTION('',(0.,0.,1.));
#4177=DIRECTION('center_axis',(0.,0.,1.));
#4178=DIRECTION('ref_axis',(0.,1.,0.));
#4179=DIRECTION('',(0.,1.,0.));
#4180=DIRECTION('',(0.,-1.,0.));
#4181=DIRECTION('center_axis',(0.,-1.,0.));
#4182=DIRECTION('ref_axis',(0.,0.,1.));
#4183=DIRECTION('',(0.,0.,1.));
#4184=DIRECTION('',(-1.,0.,0.));
#4185=DIRECTION('',(0.,0.,-1.));
#4186=DIRECTION('',(-1.,0.,0.));
#4187=DIRECTION('center_axis',(0.,0.,-1.));
#4188=DIRECTION('ref_axis',(0.,-1.,0.));
#4189=DIRECTION('',(0.,-1.,0.));
#4190=DIRECTION('',(-1.,0.,0.));
#4191=DIRECTION('',(0.,1.,0.));
#4192=DIRECTION('center_axis',(0.,1.,0.));
#4193=DIRECTION('ref_axis',(0.,0.,-1.));
#4194=DIRECTION('',(0.,0.,-1.));
#4195=DIRECTION('',(-1.,0.,0.));
#4196=DIRECTION('',(0.,0.,1.));
#4197=DIRECTION('center_axis',(0.,0.,1.));
#4198=DIRECTION('ref_axis',(0.,1.,0.));
#4199=DIRECTION('',(0.,1.,0.));
#4200=DIRECTION('',(0.,-1.,0.));
#4201=DIRECTION('center_axis',(0.,1.,0.));
#4202=DIRECTION('ref_axis',(0.,0.,-1.));
#4203=DIRECTION('',(0.,0.,-1.));
#4204=DIRECTION('',(-1.,0.,0.));
#4205=DIRECTION('',(0.,0.,1.));
#4206=DIRECTION('',(-1.,0.,0.));
#4207=DIRECTION('center_axis',(0.,0.,1.));
#4208=DIRECTION('ref_axis',(0.,1.,0.));
#4209=DIRECTION('',(0.,1.,0.));
#4210=DIRECTION('',(-1.,0.,0.));
#4211=DIRECTION('',(0.,-1.,0.));
#4212=DIRECTION('center_axis',(0.,-1.,0.));
#4213=DIRECTION('ref_axis',(0.,0.,1.));
#4214=DIRECTION('',(0.,0.,1.));
#4215=DIRECTION('',(-1.,0.,0.));
#4216=DIRECTION('',(0.,0.,-1.));
#4217=DIRECTION('center_axis',(0.,0.,-1.));
#4218=DIRECTION('ref_axis',(0.,-1.,0.));
#4219=DIRECTION('',(0.,-1.,0.));
#4220=DIRECTION('',(0.,1.,0.));
#4221=DIRECTION('center_axis',(0.,0.,-1.));
#4222=DIRECTION('ref_axis',(0.,-1.,0.));
#4223=DIRECTION('',(0.,-1.,0.));
#4224=DIRECTION('',(-1.,0.,0.));
#4225=DIRECTION('',(0.,1.,0.));
#4226=DIRECTION('',(-1.,0.,0.));
#4227=DIRECTION('center_axis',(0.,1.,0.));
#4228=DIRECTION('ref_axis',(0.,0.,-1.));
#4229=DIRECTION('',(0.,0.,-1.));
#4230=DIRECTION('',(-1.,0.,0.));
#4231=DIRECTION('',(0.,0.,1.));
#4232=DIRECTION('center_axis',(0.,0.,1.));
#4233=DIRECTION('ref_axis',(0.,1.,0.));
#4234=DIRECTION('',(0.,1.,0.));
#4235=DIRECTION('',(-1.,0.,0.));
#4236=DIRECTION('',(0.,-1.,0.));
#4237=DIRECTION('center_axis',(0.,-1.,0.));
#4238=DIRECTION('ref_axis',(0.,0.,1.));
#4239=DIRECTION('',(0.,0.,1.));
#4240=DIRECTION('',(0.,0.,-1.));
#4241=DIRECTION('center_axis',(0.,0.,1.));
#4242=DIRECTION('ref_axis',(0.,-1.,0.));
#4243=DIRECTION('',(0.,-1.,0.));
#4244=DIRECTION('',(1.,0.,0.));
#4245=DIRECTION('',(0.,1.,0.));
#4246=DIRECTION('',(1.,0.,0.));
#4247=DIRECTION('center_axis',(0.,1.,0.));
#4248=DIRECTION('ref_axis',(0.,0.,1.));
#4249=DIRECTION('',(-4.3752632490269E-16,0.,1.));
#4250=DIRECTION('',(1.,0.,0.));
#4251=DIRECTION('',(4.98976653000398E-16,0.,-1.));
#4252=DIRECTION('center_axis',(0.,0.,-1.));
#4253=DIRECTION('ref_axis',(0.,1.,0.));
#4254=DIRECTION('',(0.,1.,0.));
#4255=DIRECTION('',(1.,0.,0.));
#4256=DIRECTION('',(0.,-1.,0.));
#4257=DIRECTION('center_axis',(0.,-1.,0.));
#4258=DIRECTION('ref_axis',(0.,0.,-1.));
#4259=DIRECTION('',(4.3752632490269E-16,0.,-1.));
#4260=DIRECTION('',(-4.98976653000398E-16,0.,1.));
#4261=DIRECTION('center_axis',(0.,0.,1.));
#4262=DIRECTION('ref_axis',(0.,-1.,0.));
#4263=DIRECTION('',(0.,-1.,0.));
#4264=DIRECTION('',(1.,0.,0.));
#4265=DIRECTION('',(0.,1.,0.));
#4266=DIRECTION('',(1.,0.,0.));
#4267=DIRECTION('center_axis',(0.,1.,0.));
#4268=DIRECTION('ref_axis',(0.,0.,1.));
#4269=DIRECTION('',(-4.3752632490269E-16,0.,1.));
#4270=DIRECTION('',(1.,0.,0.));
#4271=DIRECTION('',(4.98976653000398E-16,0.,-1.));
#4272=DIRECTION('center_axis',(0.,0.,-1.));
#4273=DIRECTION('ref_axis',(0.,1.,0.));
#4274=DIRECTION('',(0.,1.,0.));
#4275=DIRECTION('',(1.,0.,0.));
#4276=DIRECTION('',(0.,-1.,0.));
#4277=DIRECTION('center_axis',(0.,-1.,0.));
#4278=DIRECTION('ref_axis',(0.,0.,-1.));
#4279=DIRECTION('',(4.3752632490269E-16,0.,-1.));
#4280=DIRECTION('',(-4.98976653000398E-16,0.,1.));
#4281=DIRECTION('center_axis',(0.,0.,1.));
#4282=DIRECTION('ref_axis',(0.,-1.,0.));
#4283=DIRECTION('',(0.,-1.,0.));
#4284=DIRECTION('',(1.,0.,0.));
#4285=DIRECTION('',(0.,1.,0.));
#4286=DIRECTION('',(1.,0.,0.));
#4287=DIRECTION('center_axis',(0.,1.,0.));
#4288=DIRECTION('ref_axis',(0.,0.,1.));
#4289=DIRECTION('',(-4.3752632490269E-16,0.,1.));
#4290=DIRECTION('',(1.,0.,0.));
#4291=DIRECTION('',(4.98976653000398E-16,0.,-1.));
#4292=DIRECTION('center_axis',(0.,0.,-1.));
#4293=DIRECTION('ref_axis',(0.,1.,0.));
#4294=DIRECTION('',(0.,1.,0.));
#4295=DIRECTION('',(1.,0.,0.));
#4296=DIRECTION('',(0.,-1.,0.));
#4297=DIRECTION('center_axis',(0.,-1.,0.));
#4298=DIRECTION('ref_axis',(0.,0.,-1.));
#4299=DIRECTION('',(4.3752632490269E-16,0.,-1.));
#4300=DIRECTION('',(-4.98976653000398E-16,0.,1.));
#4301=DIRECTION('center_axis',(0.,0.,1.));
#4302=DIRECTION('ref_axis',(0.,-1.,0.));
#4303=DIRECTION('',(0.,-1.,0.));
#4304=DIRECTION('',(1.,0.,0.));
#4305=DIRECTION('',(0.,1.,0.));
#4306=DIRECTION('',(1.,0.,0.));
#4307=DIRECTION('center_axis',(0.,1.,0.));
#4308=DIRECTION('ref_axis',(0.,0.,1.));
#4309=DIRECTION('',(-4.3752632490269E-16,0.,1.));
#4310=DIRECTION('',(1.,0.,0.));
#4311=DIRECTION('',(4.98976653000398E-16,0.,-1.));
#4312=DIRECTION('center_axis',(0.,0.,-1.));
#4313=DIRECTION('ref_axis',(0.,1.,0.));
#4314=DIRECTION('',(0.,1.,0.));
#4315=DIRECTION('',(1.,0.,0.));
#4316=DIRECTION('',(0.,-1.,0.));
#4317=DIRECTION('center_axis',(0.,-1.,0.));
#4318=DIRECTION('ref_axis',(0.,0.,-1.));
#4319=DIRECTION('',(4.3752632490269E-16,0.,-1.));
#4320=DIRECTION('',(-4.98976653000398E-16,0.,1.));
#4321=DIRECTION('center_axis',(0.,-1.,0.));
#4322=DIRECTION('ref_axis',(-1.,0.,0.));
#4323=DIRECTION('center_axis',(0.,-1.,0.));
#4324=DIRECTION('ref_axis',(-1.,0.,0.));
#4325=DIRECTION('',(0.,-1.,0.));
#4326=DIRECTION('center_axis',(0.,1.,0.));
#4327=DIRECTION('ref_axis',(-1.,0.,0.));
#4328=DIRECTION('center_axis',(0.,1.,0.));
#4329=DIRECTION('ref_axis',(0.,0.,-1.));
#4330=DIRECTION('',(0.,0.,1.));
#4331=DIRECTION('',(-1.,0.,0.));
#4332=DIRECTION('',(0.,0.,-1.));
#4333=DIRECTION('',(-1.,0.,0.));
#4334=DIRECTION('center_axis',(0.,0.,1.));
#4335=DIRECTION('ref_axis',(0.,1.,0.));
#4336=DIRECTION('',(0.,-1.,0.));
#4337=DIRECTION('',(0.,1.,0.));
#4338=DIRECTION('',(-1.,0.,0.));
#4339=DIRECTION('center_axis',(0.,-1.,0.));
#4340=DIRECTION('ref_axis',(0.,0.,1.));
#4341=DIRECTION('',(0.,0.,-1.));
#4342=DIRECTION('',(0.,0.,1.));
#4343=DIRECTION('',(-1.,0.,0.));
#4344=DIRECTION('center_axis',(0.,0.,-1.));
#4345=DIRECTION('ref_axis',(0.,-1.,0.));
#4346=DIRECTION('',(0.,1.,0.));
#4347=DIRECTION('',(0.,-1.,0.));
#4348=DIRECTION('center_axis',(-1.,0.,0.));
#4349=DIRECTION('ref_axis',(0.,0.,1.));
#4350=DIRECTION('center_axis',(0.,-1.,0.));
#4351=DIRECTION('ref_axis',(-1.,0.,0.));
#4352=DIRECTION('center_axis',(0.,-1.,0.));
#4353=DIRECTION('ref_axis',(-1.,0.,0.));
#4354=DIRECTION('',(0.,-1.,0.));
#4355=DIRECTION('center_axis',(0.,1.,0.));
#4356=DIRECTION('ref_axis',(-1.,0.,0.));
#4357=DIRECTION('center_axis',(0.,-1.,0.));
#4358=DIRECTION('ref_axis',(0.,0.,-1.));
#4359=DIRECTION('',(-4.98976653000398E-16,0.,1.));
#4360=DIRECTION('',(1.,0.,0.));
#4361=DIRECTION('',(0.,0.,-1.));
#4362=DIRECTION('',(1.,0.,0.));
#4363=DIRECTION('center_axis',(0.,0.,1.));
#4364=DIRECTION('ref_axis',(0.,-1.,0.));
#4365=DIRECTION('',(0.,1.,0.));
#4366=DIRECTION('',(0.,-1.,0.));
#4367=DIRECTION('',(1.,0.,0.));
#4368=DIRECTION('center_axis',(0.,1.,0.));
#4369=DIRECTION('ref_axis',(0.,0.,1.));
#4370=DIRECTION('',(4.98976653000398E-16,0.,-1.));
#4371=DIRECTION('',(0.,0.,1.));
#4372=DIRECTION('',(1.,0.,0.));
#4373=DIRECTION('center_axis',(0.,0.,-1.));
#4374=DIRECTION('ref_axis',(0.,1.,0.));
#4375=DIRECTION('',(0.,-1.,0.));
#4376=DIRECTION('',(0.,1.,0.));
#4377=DIRECTION('center_axis',(1.,0.,0.));
#4378=DIRECTION('ref_axis',(0.,0.,-1.));
#4379=DIRECTION('center_axis',(0.,-1.,0.));
#4380=DIRECTION('ref_axis',(1.,0.,0.));
#4381=DIRECTION('center_axis',(0.,1.,0.));
#4382=DIRECTION('ref_axis',(1.,0.,0.));
#4383=DIRECTION('center_axis',(0.,-1.,0.));
#4384=DIRECTION('ref_axis',(1.,0.,0.));
#4385=DIRECTION('center_axis',(0.,-1.,0.));
#4386=DIRECTION('ref_axis',(-1.,0.,0.));
#4387=DIRECTION('center_axis',(0.,-1.,0.));
#4388=DIRECTION('ref_axis',(-1.,0.,0.));
#4389=DIRECTION('center_axis',(0.,1.,0.));
#4390=DIRECTION('ref_axis',(-1.,0.,0.));
#4391=DIRECTION('center_axis',(0.,-1.,0.));
#4392=DIRECTION('ref_axis',(-1.,0.,0.));
#4393=DIRECTION('center_axis',(0.,1.,0.));
#4394=DIRECTION('ref_axis',(-1.,0.,0.));
#4395=DIRECTION('center_axis',(0.,-1.,0.));
#4396=DIRECTION('ref_axis',(-1.,0.,0.));
#4397=DIRECTION('center_axis',(0.,1.,0.));
#4398=DIRECTION('ref_axis',(-1.,0.,0.));
#4399=DIRECTION('',(0.,1.,0.));
#4400=DIRECTION('center_axis',(0.,1.,0.));
#4401=DIRECTION('ref_axis',(-1.,0.,0.));
#4402=DIRECTION('',(0.,1.,0.));
#4403=DIRECTION('center_axis',(0.,1.,0.));
#4404=DIRECTION('ref_axis',(0.972231463443803,0.,-0.234021326998038));
#4405=DIRECTION('',(0.,1.,0.));
#4406=DIRECTION('center_axis',(0.,1.,0.));
#4407=DIRECTION('ref_axis',(-1.,0.,0.));
#4408=DIRECTION('center_axis',(0.,1.,0.));
#4409=DIRECTION('ref_axis',(1.,0.,0.));
#4410=DIRECTION('',(3.56985023943642E-16,0.,-1.));
#4411=DIRECTION('',(1.,0.,0.));
#4412=DIRECTION('',(0.999999999999872,0.,-5.05098111425808E-7));
#4413=DIRECTION('',(0.,0.,1.));
#4414=DIRECTION('center_axis',(0.,-1.,0.));
#4415=DIRECTION('ref_axis',(-1.,0.,0.));
#4416=DIRECTION('center_axis',(0.,1.,0.));
#4417=DIRECTION('ref_axis',(-1.,0.,0.));
#4418=DIRECTION('center_axis',(0.,-1.,0.));
#4419=DIRECTION('ref_axis',(-1.,0.,0.));
#4420=DIRECTION('center_axis',(0.,-1.,0.));
#4421=DIRECTION('ref_axis',(-1.,0.,0.));
#4422=DIRECTION('center_axis',(0.,-1.,0.));
#4423=DIRECTION('ref_axis',(-1.,0.,0.));
#4424=DIRECTION('center_axis',(0.,1.,0.));
#4425=DIRECTION('ref_axis',(-1.,0.,0.));
#4426=DIRECTION('center_axis',(0.,-1.,0.));
#4427=DIRECTION('ref_axis',(1.,0.,0.));
#4428=DIRECTION('center_axis',(0.,1.,0.));
#4429=DIRECTION('ref_axis',(1.,0.,0.));
#4430=DIRECTION('center_axis',(0.,-1.,0.));
#4431=DIRECTION('ref_axis',(1.,0.,0.));
#4432=DIRECTION('center_axis',(0.,-1.,0.));
#4433=DIRECTION('ref_axis',(-1.,0.,0.));
#4434=DIRECTION('center_axis',(0.,1.,0.));
#4435=DIRECTION('ref_axis',(-1.,0.,0.));
#4436=DIRECTION('center_axis',(0.,-1.,0.));
#4437=DIRECTION('ref_axis',(-1.,0.,0.));
#4438=DIRECTION('center_axis',(0.,1.,0.));
#4439=DIRECTION('ref_axis',(1.,0.,0.));
#4440=DIRECTION('',(0.,1.,0.));
#4441=DIRECTION('center_axis',(0.,1.,0.));
#4442=DIRECTION('ref_axis',(1.,0.,0.));
#4443=DIRECTION('',(0.,1.,0.));
#4444=DIRECTION('center_axis',(0.,1.,0.));
#4445=DIRECTION('ref_axis',(-0.996904965388609,0.,-0.0786160923954931));
#4446=DIRECTION('',(0.,1.,0.));
#4447=DIRECTION('center_axis',(0.,1.,0.));
#4448=DIRECTION('ref_axis',(1.,0.,0.));
#4449=DIRECTION('center_axis',(0.,1.,0.));
#4450=DIRECTION('ref_axis',(1.,0.,0.));
#4451=DIRECTION('',(7.13970047887284E-16,0.,-1.));
#4452=DIRECTION('',(1.,0.,0.));
#4453=DIRECTION('',(0.999999999999872,0.,-5.05098111425808E-7));
#4454=DIRECTION('',(0.,0.,1.));
#4455=DIRECTION('center_axis',(0.,-1.,0.));
#4456=DIRECTION('ref_axis',(1.,0.,0.));
#4457=DIRECTION('center_axis',(0.,1.,0.));
#4458=DIRECTION('ref_axis',(1.,0.,0.));
#4459=DIRECTION('',(-0.707106781186548,-0.707106781186548,8.65956056235493E-17));
#4460=DIRECTION('center_axis',(0.,-1.,0.));
#4461=DIRECTION('ref_axis',(1.,0.,0.));
#4462=DIRECTION('center_axis',(0.,1.,0.));
#4463=DIRECTION('ref_axis',(1.,0.,0.));
#4464=DIRECTION('',(-1.,0.,0.));
#4465=DIRECTION('',(0.,0.,1.));
#4466=DIRECTION('',(-1.,0.,0.));
#4467=DIRECTION('',(-0.999999999999872,0.,5.05098111425808E-7));
#4468=DIRECTION('',(0.,0.,-1.));
#4469=DIRECTION('center_axis',(0.,1.,0.));
#4470=DIRECTION('ref_axis',(1.,0.,0.));
#4471=DIRECTION('center_axis',(0.,1.,0.));
#4472=DIRECTION('ref_axis',(1.,0.,0.));
#4473=DIRECTION('',(0.,-1.,0.));
#4474=DIRECTION('center_axis',(0.,-1.,0.));
#4475=DIRECTION('ref_axis',(-1.,0.,0.));
#4476=DIRECTION('center_axis',(0.,1.,0.));
#4477=DIRECTION('ref_axis',(-1.,0.,0.));
#4478=DIRECTION('center_axis',(0.,-1.,0.));
#4479=DIRECTION('ref_axis',(-1.,0.,0.));
#4480=DIRECTION('center_axis',(0.,-1.,0.));
#4481=DIRECTION('ref_axis',(1.,0.,0.));
#4482=DIRECTION('center_axis',(0.,-1.,0.));
#4483=DIRECTION('ref_axis',(1.,0.,0.));
#4484=DIRECTION('center_axis',(0.,1.,0.));
#4485=DIRECTION('ref_axis',(1.,0.,0.));
#4486=DIRECTION('center_axis',(0.,1.,0.));
#4487=DIRECTION('ref_axis',(-1.,0.,-1.22464679914735E-16));
#4488=DIRECTION('',(0.,1.,0.));
#4489=DIRECTION('center_axis',(0.,1.,0.));
#4490=DIRECTION('ref_axis',(1.,0.,0.));
#4491=DIRECTION('',(0.,1.,0.));
#4492=DIRECTION('center_axis',(0.,1.,0.));
#4493=DIRECTION('ref_axis',(1.,0.,0.));
#4494=DIRECTION('',(-1.,0.,0.));
#4495=DIRECTION('',(0.,0.,1.));
#4496=DIRECTION('',(-1.,0.,0.));
#4497=DIRECTION('',(-0.999999999999872,0.,5.05098111425808E-7));
#4498=DIRECTION('',(0.,0.,-1.));
#4499=DIRECTION('center_axis',(0.,1.,0.));
#4500=DIRECTION('ref_axis',(-1.,0.,0.));
#4501=DIRECTION('',(1.,0.,0.));
#4502=DIRECTION('',(0.,0.,-1.));
#4503=DIRECTION('',(-1.,0.,0.));
#4504=DIRECTION('',(0.,0.,1.));
#4505=DIRECTION('',(0.999999999999872,0.,-5.05098111425808E-7));
#4506=DIRECTION('center_axis',(0.,1.,0.));
#4507=DIRECTION('ref_axis',(1.,0.,0.));
#4508=DIRECTION('center_axis',(0.,1.,0.));
#4509=DIRECTION('ref_axis',(-1.,0.,0.));
#4510=DIRECTION('',(0.,0.,-1.));
#4511=DIRECTION('',(-0.999999999999872,0.,5.05098111425808E-7));
#4512=DIRECTION('',(-1.,0.,0.));
#4513=DIRECTION('',(-3.56985023943642E-16,0.,1.));
#4514=DIRECTION('center_axis',(0.,1.,0.));
#4515=DIRECTION('ref_axis',(1.,0.,0.));
#4516=DIRECTION('center_axis',(0.,1.,0.));
#4517=DIRECTION('ref_axis',(-1.,0.,0.));
#4518=DIRECTION('',(1.,0.,0.));
#4519=DIRECTION('',(0.,0.,-1.));
#4520=DIRECTION('',(-1.,0.,0.));
#4521=DIRECTION('',(0.,0.,1.));
#4522=DIRECTION('',(0.999999999999872,0.,-5.05098111425808E-7));
#4523=DIRECTION('center_axis',(0.,1.,0.));
#4524=DIRECTION('ref_axis',(-1.,0.,0.));
#4525=DIRECTION('',(0.,0.,-1.));
#4526=DIRECTION('',(-0.999999999999872,0.,5.05098111425808E-7));
#4527=DIRECTION('',(-1.,0.,0.));
#4528=DIRECTION('',(-7.13970047887284E-16,0.,1.));
#4529=DIRECTION('center_axis',(0.,1.,0.));
#4530=DIRECTION('ref_axis',(1.,0.,0.));
#4531=DIRECTION('center_axis',(0.,1.,0.));
#4532=DIRECTION('ref_axis',(1.,0.,0.));
#4533=DIRECTION('center_axis',(0.,1.,0.));
#4534=DIRECTION('ref_axis',(1.,0.,0.));
#4535=DIRECTION('center_axis',(-1.,0.,0.));
#4536=DIRECTION('ref_axis',(0.,0.,1.));
#4537=DIRECTION('',(0.,1.,0.));
#4538=DIRECTION('',(0.,1.,0.));
#4539=DIRECTION('center_axis',(0.,0.,-1.));
#4540=DIRECTION('ref_axis',(-1.,0.,0.));
#4541=DIRECTION('',(0.,1.,0.));
#4542=DIRECTION('center_axis',(-5.05098111425808E-7,0.,-0.999999999999872));
#4543=DIRECTION('ref_axis',(-0.999999999999872,0.,5.05098111425808E-7));
#4544=DIRECTION('',(0.,1.,0.));
#4545=DIRECTION('center_axis',(0.,1.,0.));
#4546=DIRECTION('ref_axis',(-0.865557569205909,0.,0.500809439198542));
#4547=DIRECTION('center_axis',(-1.,0.,0.));
#4548=DIRECTION('ref_axis',(0.,0.,1.));
#4549=DIRECTION('',(0.,1.,0.));
#4550=DIRECTION('center_axis',(-1.,0.,0.));
#4551=DIRECTION('ref_axis',(0.,0.,1.));
#4552=DIRECTION('',(0.,1.,0.));
#4553=DIRECTION('',(0.,1.,0.));
#4554=DIRECTION('center_axis',(0.,0.,-1.));
#4555=DIRECTION('ref_axis',(-1.,0.,0.));
#4556=DIRECTION('',(0.,1.,0.));
#4557=DIRECTION('center_axis',(-5.05098111425808E-7,0.,-0.999999999999872));
#4558=DIRECTION('ref_axis',(-0.999999999999872,0.,5.05098111425808E-7));
#4559=DIRECTION('',(0.,1.,0.));
#4560=DIRECTION('center_axis',(0.,1.,0.));
#4561=DIRECTION('ref_axis',(1.,0.,0.));
#4562=DIRECTION('',(0.,1.,0.));
#4563=DIRECTION('center_axis',(0.,1.,0.));
#4564=DIRECTION('ref_axis',(1.,0.,0.));
#4565=DIRECTION('center_axis',(-1.,0.,0.));
#4566=DIRECTION('ref_axis',(0.,0.,1.));
#4567=DIRECTION('',(0.,1.,0.));
#4568=DIRECTION('center_axis',(0.,0.,-1.));
#4569=DIRECTION('ref_axis',(-1.,0.,0.));
#4570=DIRECTION('',(0.,1.,0.));
#4571=DIRECTION('',(0.,1.,0.));
#4572=DIRECTION('',(0.,1.,0.));
#4573=DIRECTION('',(0.,1.,0.));
#4574=DIRECTION('center_axis',(-1.,0.,0.));
#4575=DIRECTION('ref_axis',(0.,0.,1.));
#4576=DIRECTION('center_axis',(1.,0.,7.13970047887284E-16));
#4577=DIRECTION('ref_axis',(7.13970047887284E-16,0.,-1.));
#4578=DIRECTION('',(0.,1.,0.));
#4579=DIRECTION('center_axis',(0.,0.,1.));
#4580=DIRECTION('ref_axis',(1.,0.,0.));
#4581=DIRECTION('',(0.,1.,0.));
#4582=DIRECTION('center_axis',(5.05098111425808E-7,0.,0.999999999999872));
#4583=DIRECTION('ref_axis',(0.999999999999872,0.,-5.05098111425808E-7));
#4584=DIRECTION('center_axis',(1.,0.,3.56985023943642E-16));
#4585=DIRECTION('ref_axis',(3.56985023943642E-16,0.,-1.));
#4586=DIRECTION('',(0.,1.,0.));
#4587=DIRECTION('center_axis',(0.,0.,1.));
#4588=DIRECTION('ref_axis',(1.,0.,0.));
#4589=DIRECTION('',(0.,1.,0.));
#4590=DIRECTION('center_axis',(5.05098111425808E-7,0.,0.999999999999872));
#4591=DIRECTION('ref_axis',(0.999999999999872,0.,-5.05098111425808E-7));
#4592=DIRECTION('center_axis',(1.,0.,4.98976653000398E-16));
#4593=DIRECTION('ref_axis',(4.98976653000398E-16,0.,-1.));
#4594=DIRECTION('center_axis',(1.,0.,0.));
#4595=DIRECTION('ref_axis',(0.,0.,-1.));
#4596=DIRECTION('center_axis',(1.,0.,0.));
#4597=DIRECTION('ref_axis',(0.,0.,-1.));
#4598=DIRECTION('center_axis',(-1.,0.,-4.3752632490269E-16));
#4599=DIRECTION('ref_axis',(-4.3752632490269E-16,0.,1.));
#4600=DIRECTION('',(0.,1.,0.));
#4601=DIRECTION('center_axis',(3.53747540262928E-16,0.,-1.));
#4602=DIRECTION('ref_axis',(-1.,0.,-3.53747540262928E-16));
#4603=DIRECTION('',(0.,1.,0.));
#4604=DIRECTION('center_axis',(1.,0.,0.));
#4605=DIRECTION('ref_axis',(0.,0.,-1.));
#4606=DIRECTION('center_axis',(4.67216232373565E-17,0.,-1.));
#4607=DIRECTION('ref_axis',(1.,0.,4.67216232373565E-17));
#4608=DIRECTION('',(1.,0.,4.67216232373565E-17));
#4609=DIRECTION('',(0.,-1.,0.));
#4610=DIRECTION('',(-1.,0.,-4.67216232373565E-17));
#4611=DIRECTION('',(0.,-1.,0.));
#4612=DIRECTION('center_axis',(0.,-1.,0.));
#4613=DIRECTION('ref_axis',(-0.0248081514930506,0.,-0.9996922304487));
#4614=DIRECTION('center_axis',(0.,-1.,0.));
#4615=DIRECTION('ref_axis',(-0.0248081514930506,0.,-0.9996922304487));
#4616=DIRECTION('',(0.,-1.,0.));
#4617=DIRECTION('center_axis',(0.,1.,0.));
#4618=DIRECTION('ref_axis',(-0.0248081514930506,0.,-0.9996922304487));
#4619=DIRECTION('center_axis',(9.34432464747131E-17,0.,1.));
#4620=DIRECTION('ref_axis',(-1.,0.,9.34432464747131E-17));
#4621=DIRECTION('',(-1.,0.,9.34432464747131E-17));
#4622=DIRECTION('',(0.,-1.,0.));
#4623=DIRECTION('',(1.,0.,-9.34432464747131E-17));
#4624=DIRECTION('center_axis',(0.,-1.,0.));
#4625=DIRECTION('ref_axis',(0.0244369329873525,0.,0.999701373564212));
#4626=DIRECTION('center_axis',(0.,-1.,0.));
#4627=DIRECTION('ref_axis',(0.0244369329873525,0.,0.999701373564212));
#4628=DIRECTION('center_axis',(0.,1.,0.));
#4629=DIRECTION('ref_axis',(0.0244369329873525,0.,0.999701373564212));
#4630=DIRECTION('center_axis',(-0.408248290463867,0.408248290463859,-0.816496580927726));
#4631=DIRECTION('ref_axis',(-0.577350269189628,0.577350269189621,0.577350269189628));
#4632=DIRECTION('center_axis',(0.,0.,1.));
#4633=DIRECTION('ref_axis',(-1.,0.,0.));
#4634=DIRECTION('center_axis',(0.,1.,0.));
#4635=DIRECTION('ref_axis',(0.,0.,1.));
#4636=DIRECTION('center_axis',(-1.,0.,0.));
#4637=DIRECTION('ref_axis',(0.,1.,0.));
#4638=DIRECTION('center_axis',(0.,1.,0.));
#4639=DIRECTION('ref_axis',(-0.707106781186546,0.,0.707106781186549));
#4640=DIRECTION('center_axis',(0.,1.,0.));
#4641=DIRECTION('ref_axis',(-0.707106781186546,0.,0.707106781186549));
#4642=DIRECTION('',(0.,1.,0.));
#4643=DIRECTION('',(0.,-1.,0.));
#4644=DIRECTION('center_axis',(0.408248290463867,0.408248290463859,-0.816496580927726));
#4645=DIRECTION('ref_axis',(0.577350269189631,0.577350269189623,0.577350269189623));
#4646=DIRECTION('center_axis',(1.,0.,0.));
#4647=DIRECTION('ref_axis',(0.,0.,1.));
#4648=DIRECTION('center_axis',(0.,1.,0.));
#4649=DIRECTION('ref_axis',(1.,0.,0.));
#4650=DIRECTION('center_axis',(-4.44089209850062E-15,0.,1.));
#4651=DIRECTION('ref_axis',(0.,1.,0.));
#4652=DIRECTION('center_axis',(0.,1.,0.));
#4653=DIRECTION('ref_axis',(0.707106781186548,0.,0.707106781186548));
#4654=DIRECTION('center_axis',(0.,1.,0.));
#4655=DIRECTION('ref_axis',(0.707106781186548,0.,0.707106781186548));
#4656=DIRECTION('',(0.,1.,0.));
#4657=DIRECTION('',(0.,-1.,0.));
#4658=DIRECTION('center_axis',(0.,0.,-1.));
#4659=DIRECTION('ref_axis',(0.707106781186557,0.707106781186538,0.));
#4660=DIRECTION('center_axis',(-5.4422698501989E-17,0.,1.));
#4661=DIRECTION('ref_axis',(0.707106781186557,0.707106781186538,0.));
#4662=DIRECTION('',(0.,0.,1.));
#4663=DIRECTION('',(0.,0.,-1.));
#4664=DIRECTION('center_axis',(1.,0.,0.));
#4665=DIRECTION('ref_axis',(0.,0.707106781186538,0.707106781186557));
#4666=DIRECTION('',(-1.,0.,0.));
#4667=DIRECTION('',(1.,0.,0.));
#4668=DIRECTION('center_axis',(0.,0.,1.));
#4669=DIRECTION('ref_axis',(-0.707106781186555,0.70710678118654,0.));
#4670=DIRECTION('center_axis',(-5.4422698501989E-17,0.,1.));
#4671=DIRECTION('ref_axis',(-0.707106781186555,0.70710678118654,0.));
#4672=DIRECTION('',(0.,0.,1.));
#4673=DIRECTION('',(0.,0.,-1.));
#4674=DIRECTION('center_axis',(-1.,0.,0.));
#4675=DIRECTION('ref_axis',(0.,0.,1.));
#4676=DIRECTION('',(0.,1.,0.));
#4677=DIRECTION('',(0.,0.,-1.));
#4678=DIRECTION('center_axis',(0.,1.,0.));
#4679=DIRECTION('ref_axis',(-1.,0.,0.));
#4680=DIRECTION('',(1.,0.,5.4422698501989E-17));
#4681=DIRECTION('',(0.,0.,1.));
#4682=DIRECTION('',(-1.,0.,0.));
#4683=DIRECTION('center_axis',(0.,-1.,0.));
#4684=DIRECTION('ref_axis',(-1.,0.,0.));
#4685=DIRECTION('center_axis',(0.,-1.,0.));
#4686=DIRECTION('ref_axis',(-1.,0.,0.));
#4687=DIRECTION('center_axis',(0.,-1.,0.));
#4688=DIRECTION('ref_axis',(-1.,0.,0.));
#4689=DIRECTION('center_axis',(0.,-1.,0.));
#4690=DIRECTION('ref_axis',(-1.,0.,0.));
#4691=DIRECTION('center_axis',(0.,1.,0.));
#4692=DIRECTION('ref_axis',(-1.,0.,0.));
#4693=DIRECTION('',(-1.,0.,-5.4422698501989E-17));
#4694=DIRECTION('center_axis',(0.,1.,0.));
#4695=DIRECTION('ref_axis',(-1.,0.,0.));
#4696=DIRECTION('center_axis',(0.,1.,0.));
#4697=DIRECTION('ref_axis',(-1.,0.,0.));
#4698=DIRECTION('center_axis',(0.,1.,0.));
#4699=DIRECTION('ref_axis',(-1.,0.,0.));
#4700=DIRECTION('center_axis',(0.,1.,0.));
#4701=DIRECTION('ref_axis',(-1.,0.,0.));
#4702=DIRECTION('center_axis',(5.4422698501989E-17,0.,-1.));
#4703=DIRECTION('ref_axis',(-1.,0.,-5.4422698501989E-17));
#4704=DIRECTION('',(0.,1.,0.));
#4705=DIRECTION('center_axis',(0.,1.,0.));
#4706=DIRECTION('ref_axis',(-1.,0.,0.));
#4707=DIRECTION('',(-0.707106781186549,-0.707106781186546,8.65956056235495E-17));
#4708=DIRECTION('center_axis',(0.,-1.,0.));
#4709=DIRECTION('ref_axis',(-1.,0.,0.));
#4710=DIRECTION('center_axis',(0.,1.,0.));
#4711=DIRECTION('ref_axis',(-1.,0.,0.));
#4712=DIRECTION('',(0.,-1.,0.));
#4713=DIRECTION('center_axis',(0.,1.,0.));
#4714=DIRECTION('ref_axis',(-1.,0.,0.));
#4715=DIRECTION('',(-0.707106781186549,-0.707106781186546,8.65956056235496E-17));
#4716=DIRECTION('center_axis',(0.,-1.,0.));
#4717=DIRECTION('ref_axis',(-1.,0.,0.));
#4718=DIRECTION('center_axis',(0.,1.,0.));
#4719=DIRECTION('ref_axis',(-1.,0.,0.));
#4720=DIRECTION('',(0.,-1.,0.));
#4721=DIRECTION('center_axis',(0.,1.,0.));
#4722=DIRECTION('ref_axis',(-1.,0.,0.));
#4723=DIRECTION('',(-0.707106781186548,-0.707106781186548,8.65956056235493E-17));
#4724=DIRECTION('center_axis',(0.,-1.,0.));
#4725=DIRECTION('ref_axis',(-1.,0.,0.));
#4726=DIRECTION('center_axis',(0.,1.,0.));
#4727=DIRECTION('ref_axis',(-1.,0.,0.));
#4728=DIRECTION('',(0.,-1.,0.));
#4729=DIRECTION('center_axis',(0.,1.,0.));
#4730=DIRECTION('ref_axis',(-1.,0.,0.));
#4731=DIRECTION('',(-0.707106781186548,-0.707106781186548,8.65956056235493E-17));
#4732=DIRECTION('center_axis',(0.,-1.,0.));
#4733=DIRECTION('ref_axis',(-1.,0.,0.));
#4734=DIRECTION('center_axis',(0.,1.,0.));
#4735=DIRECTION('ref_axis',(-1.,0.,0.));
#4736=DIRECTION('',(0.,-1.,0.));
#4737=DIRECTION('center_axis',(1.,0.,0.));
#4738=DIRECTION('ref_axis',(0.,0.,-1.));
#4739=DIRECTION('center_axis',(0.,0.,1.));
#4740=DIRECTION('ref_axis',(1.,0.,0.));
#4741=CARTESIAN_POINT('',(0.,0.,0.));
#4742=CARTESIAN_POINT('Origin',(39.8999994546175,1.,35.2999993339181));
#4743=CARTESIAN_POINT('',(39.8999994546175,1.,36.2999993339181));
#4744=CARTESIAN_POINT('',(40.8999994546175,1.,35.2999993339181));
#4745=CARTESIAN_POINT('Origin',(39.8999994546175,1.,35.2999993339181));
#4746=CARTESIAN_POINT('',(39.8999994546175,0.,35.2999993339181));
#4747=CARTESIAN_POINT('Origin',(39.8999994546175,1.,35.2999993339181));
#4748=CARTESIAN_POINT('Origin',(39.8999994546175,1.,35.2999993339181));
#4749=CARTESIAN_POINT('Origin',(-19.2999999150634,1.,35.2999993339181));
#4750=CARTESIAN_POINT('',(-20.2999999150634,1.,35.2999993339181));
#4751=CARTESIAN_POINT('',(-19.2999999150634,1.,36.2999993339181));
#4752=CARTESIAN_POINT('Origin',(-19.2999999150634,1.,35.2999993339181));
#4753=CARTESIAN_POINT('',(-19.2999999150634,0.,35.2999993339181));
#4754=CARTESIAN_POINT('Origin',(-19.2999999150634,1.,35.2999993339181));
#4755=CARTESIAN_POINT('Origin',(-19.2999999150634,1.,35.2999993339181));
#4756=CARTESIAN_POINT('Origin',(-19.2999999150634,1.,5.84999979659914));
#4757=CARTESIAN_POINT('',(-20.2999999150634,1.,-4.30000004917384));
#4758=CARTESIAN_POINT('',(-19.2999999150634,0.,-4.30000004917384));
#4759=CARTESIAN_POINT('Origin',(-19.2999999150634,1.,-4.30000004917384));
#4760=CARTESIAN_POINT('',(-19.2999999150634,0.,5.84999979659914));
#4761=CARTESIAN_POINT('',(-20.2999999150634,1.,5.84999979659914));
#4762=CARTESIAN_POINT('Origin',(-5.00000007264316,1.,35.2999993339181));
#4763=CARTESIAN_POINT('',(-5.00000007264316,1.,36.2999993339181));
#4764=CARTESIAN_POINT('',(-5.00000007264316,0.,35.2999993339181));
#4765=CARTESIAN_POINT('Origin',(-19.2999999150634,0.,35.2999993339181));
#4766=CARTESIAN_POINT('',(-19.2999999150634,2.,36.2999993339181));
#4767=CARTESIAN_POINT('',(-20.2999999150634,2.,35.2999993339181));
#4768=CARTESIAN_POINT('Origin',(-19.2999999150634,2.,35.2999993339181));
#4769=CARTESIAN_POINT('',(-20.2999999150634,0.,35.2999993339181));
#4770=CARTESIAN_POINT('',(-19.2999999150634,0.,36.2999993339181));
#4771=CARTESIAN_POINT('Origin',(39.8999994546175,1.,26.1499994881451));
#4772=CARTESIAN_POINT('',(39.8999994546175,0.,-4.30000004917383));
#4773=CARTESIAN_POINT('',(40.8999994546175,1.,-4.30000004917383));
#4774=CARTESIAN_POINT('Origin',(39.8999994546175,1.,-4.30000004917383));
#4775=CARTESIAN_POINT('',(40.8999994546175,1.,26.1499994881451));
#4776=CARTESIAN_POINT('',(39.8999994546175,0.,26.1499994881451));
#4777=CARTESIAN_POINT('Origin',(39.8999994546175,0.,35.2999993339181));
#4778=CARTESIAN_POINT('',(40.8999994546175,2.,35.2999993339181));
#4779=CARTESIAN_POINT('',(39.8999994546175,2.,36.2999993339181));
#4780=CARTESIAN_POINT('Origin',(39.8999994546175,2.,35.2999993339181));
#4781=CARTESIAN_POINT('',(39.8999994546175,0.,36.2999993339181));
#4782=CARTESIAN_POINT('',(40.8999994546175,0.,35.2999993339181));
#4783=CARTESIAN_POINT('Origin',(40.8999994546175,0.,-4.30000004917383));
#4784=CARTESIAN_POINT('',(-20.2999999150634,2.,-4.30000004917384));
#4785=CARTESIAN_POINT('',(-20.2999999150634,0.,-4.30000004917384));
#4786=CARTESIAN_POINT('',(40.8999994546175,2.,-4.30000004917383));
#4787=CARTESIAN_POINT('',(30.8999994546175,2.,-4.30000004917383));
#4788=CARTESIAN_POINT('',(40.8999994546175,0.,-4.30000004917383));
#4789=CARTESIAN_POINT('',(30.8999994546175,0.,-4.30000004917383));
#4790=CARTESIAN_POINT('Origin',(-20.2999999150634,0.,-4.30000004917384));
#4791=CARTESIAN_POINT('',(-20.2999999150634,2.,36.2999993339181));
#4792=CARTESIAN_POINT('Origin',(10.2999997697771,2.,15.9999996423721));
#4793=CARTESIAN_POINT('',(-10.2999999150634,2.,36.2999993339181));
#4794=CARTESIAN_POINT('',(40.8999994546175,2.,36.2999993339181));
#4795=CARTESIAN_POINT('',(28.5649897827521,2.,2.0800000987947));
#4796=CARTESIAN_POINT('Origin',(29.6450014080619,2.,2.0800000987947));
#4797=CARTESIAN_POINT('',(-14.4350122596383,2.,2.0800000987947));
#4798=CARTESIAN_POINT('Origin',(-13.3550006343285,2.,2.0800000987947));
#4799=CARTESIAN_POINT('',(-14.435012808356,2.,30.08000041591));
#4800=CARTESIAN_POINT('Origin',(-13.3550001680851,2.,30.08000041591));
#4801=CARTESIAN_POINT('',(28.5649897827521,2.,30.0800014287233));
#4802=CARTESIAN_POINT('Origin',(29.6450014080619,2.,30.0800014287233));
#4803=CARTESIAN_POINT('',(24.8999994546175,2.,1.69999995082617));
#4804=CARTESIAN_POINT('',(24.8999994546175,2.,30.2999993339181));
#4805=CARTESIAN_POINT('',(24.8999994546175,2.,30.2999993339181));
#4806=CARTESIAN_POINT('',(-4.29999991506338,2.,30.2999993339181));
#4807=CARTESIAN_POINT('',(-4.29999991506338,2.,30.2999993339181));
#4808=CARTESIAN_POINT('',(-4.29999991506338,2.,1.69999995082617));
#4809=CARTESIAN_POINT('',(-4.29999991506338,2.,1.69999995082617));
#4810=CARTESIAN_POINT('',(24.8999994546175,2.,1.69999995082617));
#4811=CARTESIAN_POINT('Origin',(-20.2999999150634,0.,36.2999993339181));
#4812=CARTESIAN_POINT('Origin',(25.1499994546175,0.25,8.84999979659915));
#4813=CARTESIAN_POINT('',(24.8999994546175,0.5,30.2999993339181));
#4814=CARTESIAN_POINT('',(24.8999994546175,0.5,1.69999995082617));
#4815=CARTESIAN_POINT('',(24.8999994546175,0.5,8.84999979659915));
#4816=CARTESIAN_POINT('',(25.3999994546175,0.,1.19999995082617));
#4817=CARTESIAN_POINT('',(24.8999994546175,0.5,1.69999995082617));
#4818=CARTESIAN_POINT('',(25.3999994546175,0.,30.7999993339181));
#4819=CARTESIAN_POINT('',(25.3999994546175,0.,8.84999979659915));
#4820=CARTESIAN_POINT('',(25.3999994546175,0.,30.7999993339181));
#4821=CARTESIAN_POINT('Origin',(17.5999996121973,0.25,30.5499993339181));
#4822=CARTESIAN_POINT('',(-4.79999991506338,0.,30.7999993339181));
#4823=CARTESIAN_POINT('',(17.5999996121973,0.,30.7999993339181));
#4824=CARTESIAN_POINT('',(-4.29999991506338,0.5,30.2999993339181));
#4825=CARTESIAN_POINT('',(-4.79999991506338,0.,30.7999993339181));
#4826=CARTESIAN_POINT('',(17.5999996121973,0.5,30.2999993339181));
#4827=CARTESIAN_POINT('Origin',(-4.54999991506338,0.25,23.1499994881451));
#4828=CARTESIAN_POINT('',(-4.29999991506338,0.5,1.69999995082617));
#4829=CARTESIAN_POINT('',(-4.29999991506338,0.5,23.1499994881451));
#4830=CARTESIAN_POINT('',(-4.79999991506338,0.,1.19999995082617));
#4831=CARTESIAN_POINT('',(-4.79999991506338,0.,23.1499994881451));
#4832=CARTESIAN_POINT('',(-4.79999991506338,0.,1.19999995082617));
#4833=CARTESIAN_POINT('Origin',(2.99999992735684,0.25,1.44999995082617));
#4834=CARTESIAN_POINT('',(2.99999992735684,0.5,1.69999995082617));
#4835=CARTESIAN_POINT('',(2.99999992735684,0.,1.19999995082617));
#4836=CARTESIAN_POINT('Origin',(-4.29999991506338,0.,1.69999995082617));
#4837=CARTESIAN_POINT('',(24.8999994546175,0.,1.69999995082617));
#4838=CARTESIAN_POINT('',(-4.29999991506338,0.,1.69999995082617));
#4839=CARTESIAN_POINT('Origin',(24.8999994546175,0.,1.69999995082617));
#4840=CARTESIAN_POINT('',(24.8999994546175,0.,30.2999993339181));
#4841=CARTESIAN_POINT('Origin',(10.2999997697771,0.,15.9999996423721));
#4842=CARTESIAN_POINT('',(-14.6350122596383,0.,2.0800000987947));
#4843=CARTESIAN_POINT('Origin',(-13.3550006343285,0.,2.0800000987947));
#4844=CARTESIAN_POINT('',(28.3649897827521,0.,2.0800000987947));
#4845=CARTESIAN_POINT('Origin',(29.6450014080619,0.,2.0800000987947));
#4846=CARTESIAN_POINT('',(-14.635012808356,0.,30.08000041591));
#4847=CARTESIAN_POINT('Origin',(-13.3550001680851,0.,30.08000041591));
#4848=CARTESIAN_POINT('',(28.3649897827521,0.,30.0800014287233));
#4849=CARTESIAN_POINT('Origin',(29.6450014080619,0.,30.0800014287233));
#4850=CARTESIAN_POINT('Origin',(-13.3550006343285,0.1,2.0800000987947));
#4851=CARTESIAN_POINT('',(-14.4350122596383,0.2,2.0800000987947));
#4852=CARTESIAN_POINT('Origin',(-13.3550006343285,0.2,2.0800000987947));
#4853=CARTESIAN_POINT('',(-14.5350122596383,0.1,2.0800000987947));
#4854=CARTESIAN_POINT('Origin',(-13.3550006343285,0.,2.0800000987947));
#4855=CARTESIAN_POINT('',(-14.4350122596383,0.,2.0800000987947));
#4856=CARTESIAN_POINT('Origin',(29.6450014080619,0.1,30.0800014287233));
#4857=CARTESIAN_POINT('',(28.5649897827521,0.2,30.0800014287233));
#4858=CARTESIAN_POINT('Origin',(29.6450014080619,0.2,30.0800014287233));
#4859=CARTESIAN_POINT('',(28.4649897827521,0.1,30.0800014287233));
#4860=CARTESIAN_POINT('Origin',(29.6450014080619,0.,30.0800014287233));
#4861=CARTESIAN_POINT('',(28.5649897827521,0.,30.0800014287233));
#4862=CARTESIAN_POINT('Origin',(29.6450014080619,0.1,2.0800000987947));
#4863=CARTESIAN_POINT('',(28.5649897827521,0.2,2.0800000987947));
#4864=CARTESIAN_POINT('Origin',(29.6450014080619,0.2,2.0800000987947));
#4865=CARTESIAN_POINT('',(28.4649897827521,0.1,2.0800000987947));
#4866=CARTESIAN_POINT('Origin',(29.6450014080619,0.,2.0800000987947));
#4867=CARTESIAN_POINT('',(28.5649897827521,0.,2.0800000987947));
#4868=CARTESIAN_POINT('Origin',(-13.3550001680851,0.1,30.08000041591));
#4869=CARTESIAN_POINT('',(-14.435012808356,0.2,30.08000041591));
#4870=CARTESIAN_POINT('Origin',(-13.3550001680851,0.2,30.08000041591));
#4871=CARTESIAN_POINT('',(-14.535012808356,0.1,30.08000041591));
#4872=CARTESIAN_POINT('Origin',(-13.3550001680851,0.,30.08000041591));
#4873=CARTESIAN_POINT('',(-14.435012808356,0.,30.08000041591));
#4874=CARTESIAN_POINT('Origin',(-4.29999991506338,0.,30.2999993339181));
#4875=CARTESIAN_POINT('',(-4.29999991506338,0.,30.2999993339181));
#4876=CARTESIAN_POINT('Origin',(24.8999994546175,0.,30.2999993339181));
#4877=CARTESIAN_POINT('Origin',(40.8999994546175,0.,36.2999993339181));
#4878=CARTESIAN_POINT('Origin',(39.8999990858138,5.,35.2999991886318));
#4879=CARTESIAN_POINT('',(40.8999990858138,55.,35.2999991886318));
#4880=CARTESIAN_POINT('',(39.8999990858138,55.,36.2999991886318));
#4881=CARTESIAN_POINT('Origin',(39.8999990858138,55.,35.2999991886318));
#4882=CARTESIAN_POINT('',(39.8999990858138,2.,36.2999991886318));
#4883=CARTESIAN_POINT('',(39.8999990858138,5.,36.2999991886318));
#4884=CARTESIAN_POINT('',(40.8999990858138,2.,35.2999991886318));
#4885=CARTESIAN_POINT('Origin',(39.8999990858138,2.,35.2999991886318));
#4886=CARTESIAN_POINT('',(40.8999990858138,5.,35.2999991886318));
#4887=CARTESIAN_POINT('Origin',(10.2999997697771,2.,15.9999996423721));
#4888=CARTESIAN_POINT('',(-19.2999995462597,2.,36.2999991886318));
#4889=CARTESIAN_POINT('',(-20.2999995462597,2.,36.2999991886318));
#4890=CARTESIAN_POINT('',(-20.2999995462597,2.,35.2999991886318));
#4891=CARTESIAN_POINT('Origin',(-19.2999995462597,2.,35.2999991886318));
#4892=CARTESIAN_POINT('',(-20.2999995462597,2.,-4.29999990388751));
#4893=CARTESIAN_POINT('',(-20.2999995462597,2.,-4.29999990388751));
#4894=CARTESIAN_POINT('',(40.8999990858138,2.,-4.29999990388751));
#4895=CARTESIAN_POINT('',(40.8999990858138,2.,-4.29999990388751));
#4896=CARTESIAN_POINT('',(40.8999990858138,2.,36.2999991886318));
#4897=CARTESIAN_POINT('',(-17.7999995462597,2.,33.7999991886318));
#4898=CARTESIAN_POINT('',(38.3999990858138,2.,33.7999991886318));
#4899=CARTESIAN_POINT('',(-17.7999995462597,2.,33.7999991886318));
#4900=CARTESIAN_POINT('',(38.3999990858138,2.,-1.79999990388751));
#4901=CARTESIAN_POINT('',(38.3999990858138,2.,33.7999991886318));
#4902=CARTESIAN_POINT('',(-17.7999995462597,2.,-1.79999990388751));
#4903=CARTESIAN_POINT('',(38.3999990858138,2.,-1.79999990388751));
#4904=CARTESIAN_POINT('',(-17.7999995462597,2.,-1.79999990388751));
#4905=CARTESIAN_POINT('Origin',(-20.2999995462597,5.,36.2999991886318));
#4906=CARTESIAN_POINT('',(-19.2999995462597,55.,36.2999991886318));
#4907=CARTESIAN_POINT('',(-20.2999995462597,55.,36.2999991886318));
#4908=CARTESIAN_POINT('',(-19.2999995462597,5.,36.2999991886318));
#4909=CARTESIAN_POINT('Origin',(-19.2999995462597,5.,35.2999991886318));
#4910=CARTESIAN_POINT('',(-20.2999995462597,55.,35.2999991886318));
#4911=CARTESIAN_POINT('Origin',(-19.2999995462597,55.,35.2999991886318));
#4912=CARTESIAN_POINT('',(-20.2999995462597,5.,35.2999991886318));
#4913=CARTESIAN_POINT('Origin',(29.6449993656715,54.9,2.0800000987947));
#4914=CARTESIAN_POINT('',(27.4449993656715,55.,2.0800000987947));
#4915=CARTESIAN_POINT('Origin',(29.6449993656715,55.,2.0800000987947));
#4916=CARTESIAN_POINT('',(27.6449993656715,54.8,2.0800000987947));
#4917=CARTESIAN_POINT('',(27.5449993656715,54.9,2.0800000987947));
#4918=CARTESIAN_POINT('Origin',(29.6449993656715,54.8,2.0800000987947));
#4919=CARTESIAN_POINT('Origin',(10.2999997697771,55.,15.9999996423721));
#4920=CARTESIAN_POINT('',(40.8999990858138,55.,-4.29999990388751));
#4921=CARTESIAN_POINT('',(40.8999990858138,55.,36.2999991886318));
#4922=CARTESIAN_POINT('',(-20.2999995462596,55.,-4.29999990388753));
#4923=CARTESIAN_POINT('',(40.8999990858138,55.,-4.29999990388751));
#4924=CARTESIAN_POINT('',(-20.2999995462596,55.,-4.29999990388753));
#4925=CARTESIAN_POINT('',(-15.5400006908923,55.,2.06999834030867));
#4926=CARTESIAN_POINT('Origin',(-13.3400006908923,55.,2.06999834030867));
#4927=CARTESIAN_POINT('',(27.435001407587,55.,30.0800014287233));
#4928=CARTESIAN_POINT('Origin',(29.635001407587,55.,30.0800014287233));
#4929=CARTESIAN_POINT('',(38.3999990858138,55.,33.7999991886318));
#4930=CARTESIAN_POINT('',(33.135001407587,55.,33.7999991886318));
#4931=CARTESIAN_POINT('',(31.7151056205328,55.,33.7999991886318));
#4932=CARTESIAN_POINT('',(33.135001407587,55.,26.5800576639876));
#4933=CARTESIAN_POINT('',(33.135001407587,55.,30.0800014287233));
#4934=CARTESIAN_POINT('',(26.135001407587,55.,26.5800576639876));
#4935=CARTESIAN_POINT('',(29.6499993372709,55.,26.5800576639876));
#4936=CARTESIAN_POINT('',(26.135001407587,55.,33.7999991886318));
#4937=CARTESIAN_POINT('',(26.135001407587,55.,26.5800576639876));
#4938=CARTESIAN_POINT('',(-9.86499859241303,55.,33.7999991886318));
#4939=CARTESIAN_POINT('',(31.7151056205328,55.,33.7999991886318));
#4940=CARTESIAN_POINT('',(-9.86499859241303,55.,26.5800576639876));
#4941=CARTESIAN_POINT('',(-9.86499859241303,55.,30.0800014287233));
#4942=CARTESIAN_POINT('',(-16.864998592413,55.,26.5800576639876));
#4943=CARTESIAN_POINT('',(-13.3500006627291,55.,26.5800576639876));
#4944=CARTESIAN_POINT('',(-16.864998592413,55.,33.7999991886318));
#4945=CARTESIAN_POINT('',(-16.864998592413,55.,26.5800576639876));
#4946=CARTESIAN_POINT('',(-17.7999995462597,55.,33.7999991886318));
#4947=CARTESIAN_POINT('',(31.7151056205328,55.,33.7999991886318));
#4948=CARTESIAN_POINT('',(-17.7999995462596,55.,-1.79999990388753));
#4949=CARTESIAN_POINT('',(-17.7999995462596,55.,-1.79999990388753));
#4950=CARTESIAN_POINT('',(-16.8400006908923,55.,-1.79999995976686));
#4951=CARTESIAN_POINT('',(38.3999990858138,55.,-1.79999990388751));
#4952=CARTESIAN_POINT('',(-16.8400006908923,55.,5.56997334029323));
#4953=CARTESIAN_POINT('',(-16.8400006908923,55.,5.56997334029323));
#4954=CARTESIAN_POINT('',(-9.7600026819855,55.,5.56997334029323));
#4955=CARTESIAN_POINT('',(-13.3500006627291,55.,5.56997334029323));
#4956=CARTESIAN_POINT('',(-9.76000268198549,55.,-1.79999990388753));
#4957=CARTESIAN_POINT('',(-9.7600026819855,55.,5.56997334029323));
#4958=CARTESIAN_POINT('',(26.0848930540089,55.,-1.79999990388752));
#4959=CARTESIAN_POINT('',(38.3999990858138,55.,-1.79999990388751));
#4960=CARTESIAN_POINT('',(26.0848930540089,55.,5.64999935179949));
#4961=CARTESIAN_POINT('',(26.0848930540089,55.,1.17437240137573));
#4962=CARTESIAN_POINT('',(33.2399973180145,55.,5.64999935179949));
#4963=CARTESIAN_POINT('',(29.6499993372709,55.,5.64999935179949));
#4964=CARTESIAN_POINT('',(33.2399973180145,55.,-1.79999990388751));
#4965=CARTESIAN_POINT('',(33.2399973180145,55.,5.64999935179949));
#4966=CARTESIAN_POINT('',(38.3999990858138,55.,-1.79999990388751));
#4967=CARTESIAN_POINT('',(38.3999990858138,55.,-1.79999990388751));
#4968=CARTESIAN_POINT('',(38.3999990858138,55.,33.7999991886318));
#4969=CARTESIAN_POINT('',(-15.564998592413,55.,30.0800014287233));
#4970=CARTESIAN_POINT('Origin',(-13.364998592413,55.,30.0800014287233));
#4971=CARTESIAN_POINT('Origin',(29.6449993656715,55.,2.0800000987947));
#4972=CARTESIAN_POINT('',(27.6449993656715,48.,2.0800000987947));
#4973=CARTESIAN_POINT('Origin',(29.6449993656715,48.,2.0800000987947));
#4974=CARTESIAN_POINT('',(27.6449993656715,55.,2.0800000987947));
#4975=CARTESIAN_POINT('Origin',(-13.3400006908923,54.9,2.06999834030867));
#4976=CARTESIAN_POINT('',(-15.3400006908923,54.8,2.06999834030866));
#4977=CARTESIAN_POINT('',(-15.4400006908923,54.9,2.06999834030867));
#4978=CARTESIAN_POINT('Origin',(-13.3400006908923,54.8,2.06999834030867));
#4979=CARTESIAN_POINT('Origin',(-13.3400006908923,55.,2.06999834030867));
#4980=CARTESIAN_POINT('',(-15.3400006908923,48.,2.06999834030867));
#4981=CARTESIAN_POINT('Origin',(-13.3400006908923,48.,2.06999834030867));
#4982=CARTESIAN_POINT('',(-15.3400006908923,55.,2.06999834030866));
#4983=CARTESIAN_POINT('Origin',(-13.364998592413,54.9,30.0800014287233));
#4984=CARTESIAN_POINT('',(-15.364998592413,54.8,30.0800014287233));
#4985=CARTESIAN_POINT('',(-15.464998592413,54.9,30.0800014287233));
#4986=CARTESIAN_POINT('Origin',(-13.364998592413,54.8,30.0800014287233));
#4987=CARTESIAN_POINT('Origin',(-13.364998592413,55.,30.0800014287233));
#4988=CARTESIAN_POINT('',(-15.364998592413,48.,30.0800014287233));
#4989=CARTESIAN_POINT('Origin',(-13.364998592413,48.,30.0800014287233));
#4990=CARTESIAN_POINT('',(-15.364998592413,55.,30.0800014287233));
#4991=CARTESIAN_POINT('Origin',(29.635001407587,54.9,30.0800014287233));
#4992=CARTESIAN_POINT('',(27.635001407587,54.8,30.0800014287233));
#4993=CARTESIAN_POINT('',(27.535001407587,54.9,30.0800014287233));
#4994=CARTESIAN_POINT('Origin',(29.635001407587,54.8,30.0800014287233));
#4995=CARTESIAN_POINT('Origin',(29.635001407587,55.,30.0800014287233));
#4996=CARTESIAN_POINT('',(27.635001407587,48.,30.0800014287233));
#4997=CARTESIAN_POINT('Origin',(29.635001407587,48.,30.0800014287233));
#4998=CARTESIAN_POINT('',(27.635001407587,55.,30.0800014287233));
#4999=CARTESIAN_POINT('Origin',(29.6625014088931,48.,1.92500009143259));
#5000=CARTESIAN_POINT('Origin',(26.085001238971,48.,5.6500002683606));
#5001=CARTESIAN_POINT('',(26.085001238971,48.,-1.80000008549541));
#5002=CARTESIAN_POINT('',(26.085001238971,48.,5.6500002683606));
#5003=CARTESIAN_POINT('',(26.085001238971,48.,3.78749999615829));
#5004=CARTESIAN_POINT('',(26.085001238971,46.,-1.80000008549541));
#5005=CARTESIAN_POINT('',(26.085001238971,26.5,-1.79999990388752));
#5006=CARTESIAN_POINT('',(26.085001238971,46.,5.6500002683606));
#5007=CARTESIAN_POINT('',(26.085001238971,46.,-1.80000008549541));
#5008=CARTESIAN_POINT('',(26.085001238971,48.,5.6500002683606));
#5009=CARTESIAN_POINT('Origin',(29.6625014088931,46.,1.92500009143259));
#5010=CARTESIAN_POINT('',(33.2400015788153,46.,-1.80000008549541));
#5011=CARTESIAN_POINT('',(30.7012493634538,46.,-1.79999990388751));
#5012=CARTESIAN_POINT('',(33.2400015788153,46.,5.6500002683606));
#5013=CARTESIAN_POINT('',(33.2400015788153,46.,5.6500002683606));
#5014=CARTESIAN_POINT('',(26.085001238971,46.,5.6500002683606));
#5015=CARTESIAN_POINT('Origin',(31.7399973180145,5.,-1.79999990388751));
#5016=CARTESIAN_POINT('',(33.2399973180145,48.,-1.79999990388751));
#5017=CARTESIAN_POINT('',(33.2400015788153,26.5,-1.79999990388751));
#5018=CARTESIAN_POINT('',(26.0848930540089,48.,-1.79999990388752));
#5019=CARTESIAN_POINT('',(30.7012212520131,48.,-1.79999990388751));
#5020=CARTESIAN_POINT('',(26.0848930540089,30.,-1.79999990388752));
#5021=CARTESIAN_POINT('',(-9.76000046357512,46.,-1.80000008549541));
#5022=CARTESIAN_POINT('',(-9.7600026819855,30.,-1.79999990388753));
#5023=CARTESIAN_POINT('',(-16.8400007998571,46.,-1.80000008549541));
#5024=CARTESIAN_POINT('',(9.2199983431492,46.,-1.79999990388752));
#5025=CARTESIAN_POINT('',(-16.8400006908923,30.,-1.79999990388753));
#5026=CARTESIAN_POINT('',(-17.7999995462596,5.,-1.79999990388753));
#5027=CARTESIAN_POINT('',(38.3999990858138,5.,-1.79999990388751));
#5028=CARTESIAN_POINT('',(33.2399973180145,30.,-1.79999990388751));
#5029=CARTESIAN_POINT('',(27.5848930540089,6.99999999999999,-1.79999990388751));
#5030=CARTESIAN_POINT('',(31.7399973180145,6.99999999999999,-1.79999990388751));
#5031=CARTESIAN_POINT('',(27.5848930540089,6.99999999999999,-1.79999990388751));
#5032=CARTESIAN_POINT('',(31.7399973180145,5.,-1.79999990388751));
#5033=CARTESIAN_POINT('',(31.7399973180145,5.,-1.79999990388751));
#5034=CARTESIAN_POINT('',(27.5848930540089,5.,-1.79999990388751));
#5035=CARTESIAN_POINT('',(24.3499994277954,5.,-1.79999990388751));
#5036=CARTESIAN_POINT('',(27.5848930540089,5.,-1.79999990388751));
#5037=CARTESIAN_POINT('',(-15.4151069459911,6.99999999999999,-1.79999990388753));
#5038=CARTESIAN_POINT('',(-11.2600026819855,6.99999999999999,-1.79999990388753));
#5039=CARTESIAN_POINT('',(-15.4151069459911,6.99999999999999,-1.79999990388753));
#5040=CARTESIAN_POINT('',(-11.2600026819855,5.,-1.79999990388753));
#5041=CARTESIAN_POINT('',(-11.2600026819855,5.,-1.79999990388753));
#5042=CARTESIAN_POINT('',(-15.4151069459911,5.,-1.79999990388753));
#5043=CARTESIAN_POINT('',(24.3499994277954,5.,-1.79999990388751));
#5044=CARTESIAN_POINT('',(-15.4151069459911,5.,-1.79999990388753));
#5045=CARTESIAN_POINT('Origin',(-13.3000006317161,48.,1.8850000895327));
#5046=CARTESIAN_POINT('Origin',(-9.76000046357512,48.,5.5700002645608));
#5047=CARTESIAN_POINT('',(-9.76000046357512,48.,5.5700002645608));
#5048=CARTESIAN_POINT('',(-16.8400007998571,48.,5.5700002645608));
#5049=CARTESIAN_POINT('',(-9.76000046357512,48.,5.5700002645608));
#5050=CARTESIAN_POINT('',(-16.8400007998571,46.,5.5700002645608));
#5051=CARTESIAN_POINT('',(-16.8400007998571,48.,5.5700002645608));
#5052=CARTESIAN_POINT('',(-9.76000046357512,46.,5.5700002645608));
#5053=CARTESIAN_POINT('',(-9.76000046357512,46.,5.5700002645608));
#5054=CARTESIAN_POINT('',(-9.76000046357512,48.,5.5700002645608));
#5055=CARTESIAN_POINT('Origin',(-13.3000006317161,46.,1.8850000895327));
#5056=CARTESIAN_POINT('',(-16.8400007998571,46.,5.5700002645608));
#5057=CARTESIAN_POINT('',(-9.76000046357512,46.,-1.80000008549541));
#5058=CARTESIAN_POINT('Origin',(-13.3000006317161,48.,1.8850000895327));
#5059=CARTESIAN_POINT('',(-9.7600026819855,48.,5.56997334029323));
#5060=CARTESIAN_POINT('',(-16.8400006908923,48.,5.56997334029323));
#5061=CARTESIAN_POINT('',(-13.3500006627291,48.,5.56997334029323));
#5062=CARTESIAN_POINT('',(-16.8400007998571,48.,5.5700002645608));
#5063=CARTESIAN_POINT('',(-9.76000046357512,48.,-1.80000008549541));
#5064=CARTESIAN_POINT('Origin',(29.635001407587,48.,30.1900284263097));
#5065=CARTESIAN_POINT('Origin',(29.635001407587,46.,30.1900284263097));
#5066=CARTESIAN_POINT('',(26.135001407587,46.,26.5800576639876));
#5067=CARTESIAN_POINT('',(33.135001407587,46.,26.5800576639876));
#5068=CARTESIAN_POINT('',(33.135001407587,46.,26.5800576639876));
#5069=CARTESIAN_POINT('',(33.135001407587,46.,33.7999991886318));
#5070=CARTESIAN_POINT('',(33.135001407587,46.,33.7999991886318));
#5071=CARTESIAN_POINT('',(26.135001407587,46.,33.7999991886318));
#5072=CARTESIAN_POINT('',(34.0175002467004,46.,33.7999991886318));
#5073=CARTESIAN_POINT('',(26.135001407587,46.,26.5800576639876));
#5074=CARTESIAN_POINT('Origin',(-13.3650006348034,48.,30.1900014339481));
#5075=CARTESIAN_POINT('Origin',(-16.8650008010445,48.,26.5800012624823));
#5076=CARTESIAN_POINT('',(-9.86500046856236,48.,26.5800012624823));
#5077=CARTESIAN_POINT('',(-16.8650008010445,48.,26.5800012624823));
#5078=CARTESIAN_POINT('',(-9.86500046856236,48.,26.5800012624823));
#5079=CARTESIAN_POINT('',(-9.86500046856236,46.,26.5800012624823));
#5080=CARTESIAN_POINT('',(-9.86500046856236,48.,26.5800012624823));
#5081=CARTESIAN_POINT('',(-16.8650008010445,46.,26.5800012624823));
#5082=CARTESIAN_POINT('',(-9.86500046856236,46.,26.5800012624823));
#5083=CARTESIAN_POINT('',(-16.8650008010445,48.,26.5800012624823));
#5084=CARTESIAN_POINT('Origin',(-13.3650006348034,46.,30.1900014339481));
#5085=CARTESIAN_POINT('',(-16.8650008010445,46.,33.8000016054139));
#5086=CARTESIAN_POINT('',(-9.86500046856236,46.,33.8000016054139));
#5087=CARTESIAN_POINT('',(12.5174992255052,46.,33.7999991886318));
#5088=CARTESIAN_POINT('',(-16.8650008010445,46.,26.5800012624823));
#5089=CARTESIAN_POINT('',(-9.86500046856236,46.,33.8000016054139));
#5090=CARTESIAN_POINT('Origin',(-13.3650006348034,48.,30.1900014339481));
#5091=CARTESIAN_POINT('',(-16.864998592413,48.,26.5800576639876));
#5092=CARTESIAN_POINT('',(-9.86499859241303,48.,26.5800576639876));
#5093=CARTESIAN_POINT('',(-13.3500006627291,48.,26.5800576639876));
#5094=CARTESIAN_POINT('',(-9.86500046856236,48.,33.8000016054139));
#5095=CARTESIAN_POINT('',(-16.8650008010445,48.,26.5800012624823));
#5096=CARTESIAN_POINT('Origin',(-9.76000268198549,55.,-1.79999990388753));
#5097=CARTESIAN_POINT('',(-9.7600026819855,55.,5.56997334029323));
#5098=CARTESIAN_POINT('Origin',(-16.8400006908923,55.,5.56997334029323));
#5099=CARTESIAN_POINT('',(-16.8400006908923,55.,5.56997334029323));
#5100=CARTESIAN_POINT('Origin',(-9.7600026819855,55.,5.56997334029323));
#5101=CARTESIAN_POINT('Origin',(-16.864998592413,55.,33.7999991886318));
#5102=CARTESIAN_POINT('',(-16.864998592413,55.,26.5800576639876));
#5103=CARTESIAN_POINT('',(-16.864998592413,30.,33.7999991886318));
#5104=CARTESIAN_POINT('Origin',(-9.86499859241303,55.,26.5800576639876));
#5105=CARTESIAN_POINT('',(-9.86499859241303,30.,33.7999991886318));
#5106=CARTESIAN_POINT('',(-9.86499859241303,55.,26.5800576639876));
#5107=CARTESIAN_POINT('Origin',(-16.864998592413,55.,26.5800576639876));
#5108=CARTESIAN_POINT('Origin',(33.2399973180145,55.,-1.79999990388751));
#5109=CARTESIAN_POINT('',(33.2399973180145,48.,5.64999935179949));
#5110=CARTESIAN_POINT('',(33.2399973180145,55.,5.64999935179949));
#5111=CARTESIAN_POINT('',(33.2400015788153,48.,5.6500002683606));
#5112=CARTESIAN_POINT('Origin',(26.0848930540089,55.,5.64999935179949));
#5113=CARTESIAN_POINT('',(26.0848930540089,48.,5.64999935179949));
#5114=CARTESIAN_POINT('',(26.0848930540089,48.,1.17437240137573));
#5115=CARTESIAN_POINT('',(26.0848930540089,55.,5.64999935179949));
#5116=CARTESIAN_POINT('Origin',(33.2399973180145,55.,5.64999935179949));
#5117=CARTESIAN_POINT('',(29.6499993372709,48.,5.64999935179949));
#5118=CARTESIAN_POINT('Origin',(29.6624451860117,48.,1.92499972395599));
#5119=CARTESIAN_POINT('Origin',(26.135001407587,55.,33.7999991886318));
#5120=CARTESIAN_POINT('',(26.135001407587,55.,26.5800576639876));
#5121=CARTESIAN_POINT('',(26.135001407587,30.,33.7999991886318));
#5122=CARTESIAN_POINT('Origin',(33.135001407587,55.,26.5800576639876));
#5123=CARTESIAN_POINT('',(33.135001407587,30.,33.7999991886318));
#5124=CARTESIAN_POINT('',(33.135001407587,55.,26.5800576639876));
#5125=CARTESIAN_POINT('Origin',(26.135001407587,55.,26.5800576639876));
#5126=CARTESIAN_POINT('Origin',(40.8999990858138,37.9999993890524,15.000000372529));
#5127=CARTESIAN_POINT('',(40.8999990858138,37.9999993890524,15.000000372529));
#5128=CARTESIAN_POINT('',(40.8999990858138,37.9999993890524,25.000000372529));
#5129=CARTESIAN_POINT('',(40.8999990858138,37.9999993890524,25.6499997805804));
#5130=CARTESIAN_POINT('',(38.3999990858138,37.9999993890524,15.000000372529));
#5131=CARTESIAN_POINT('',(40.8999990858138,37.9999993890524,15.000000372529));
#5132=CARTESIAN_POINT('',(38.3999990858138,37.9999993890524,25.000000372529));
#5133=CARTESIAN_POINT('',(38.3999990858138,37.9999993890524,6.60000023432076));
#5134=CARTESIAN_POINT('',(40.8999990858138,37.9999993890524,25.000000372529));
#5135=CARTESIAN_POINT('Origin',(40.8999990858138,39.9999993890524,15.000000372529));
#5136=CARTESIAN_POINT('',(40.8999990858138,39.9999993890524,15.000000372529));
#5137=CARTESIAN_POINT('',(40.8999990858138,22.4999996945262,15.000000372529));
#5138=CARTESIAN_POINT('',(38.3999990858138,39.9999993890524,15.000000372529));
#5139=CARTESIAN_POINT('',(40.8999990858138,39.9999993890524,15.000000372529));
#5140=CARTESIAN_POINT('',(38.3999990858138,22.4999996945262,15.000000372529));
#5141=CARTESIAN_POINT('Origin',(40.8999990858138,39.9999993890524,25.000000372529));
#5142=CARTESIAN_POINT('',(40.8999990858138,39.9999993890524,25.000000372529));
#5143=CARTESIAN_POINT('',(40.8999990858138,39.9999993890524,30.6499997805804));
#5144=CARTESIAN_POINT('',(38.3999990858138,39.9999993890524,25.000000372529));
#5145=CARTESIAN_POINT('',(40.8999990858138,39.9999993890524,25.000000372529));
#5146=CARTESIAN_POINT('',(38.3999990858138,39.9999993890524,11.6000002343208));
#5147=CARTESIAN_POINT('Origin',(40.8999990858138,37.9999993890524,25.000000372529));
#5148=CARTESIAN_POINT('',(40.8999990858138,21.4999996945262,25.000000372529));
#5149=CARTESIAN_POINT('',(38.3999990858138,21.4999996945262,25.000000372529));
#5150=CARTESIAN_POINT('Origin',(40.8999990858138,40.9999994337559,15.000000372529));
#5151=CARTESIAN_POINT('',(40.8999990858138,40.9999994337559,15.000000372529));
#5152=CARTESIAN_POINT('',(40.8999990858138,40.9999994337559,25.000000372529));
#5153=CARTESIAN_POINT('',(40.8999990858138,40.9999994337559,25.6499997805804));
#5154=CARTESIAN_POINT('',(38.3999990858138,40.9999994337559,15.000000372529));
#5155=CARTESIAN_POINT('',(40.8999990858138,40.9999994337559,15.000000372529));
#5156=CARTESIAN_POINT('',(38.3999990858138,40.9999994337559,25.000000372529));
#5157=CARTESIAN_POINT('',(38.3999990858138,40.9999994337559,6.60000023432076));
#5158=CARTESIAN_POINT('',(40.8999990858138,40.9999994337559,25.000000372529));
#5159=CARTESIAN_POINT('Origin',(40.8999990858138,42.9999994337559,15.000000372529));
#5160=CARTESIAN_POINT('',(40.8999990858138,42.9999994337559,15.000000372529));
#5161=CARTESIAN_POINT('',(40.8999990858138,23.9999997168779,15.000000372529));
#5162=CARTESIAN_POINT('',(38.3999990858138,42.9999994337559,15.000000372529));
#5163=CARTESIAN_POINT('',(40.8999990858138,42.9999994337559,15.000000372529));
#5164=CARTESIAN_POINT('',(38.3999990858138,23.9999997168779,15.000000372529));
#5165=CARTESIAN_POINT('Origin',(40.8999990858138,42.9999994337559,25.000000372529));
#5166=CARTESIAN_POINT('',(40.8999990858138,42.9999994337559,25.000000372529));
#5167=CARTESIAN_POINT('',(40.8999990858138,42.9999994337559,30.6499997805804));
#5168=CARTESIAN_POINT('',(38.3999990858138,42.9999994337559,25.000000372529));
#5169=CARTESIAN_POINT('',(40.8999990858138,42.9999994337559,25.000000372529));
#5170=CARTESIAN_POINT('',(38.3999990858138,42.9999994337559,11.6000002343208));
#5171=CARTESIAN_POINT('Origin',(40.8999990858138,40.9999994337559,25.000000372529));
#5172=CARTESIAN_POINT('',(40.8999990858138,22.9999997168779,25.000000372529));
#5173=CARTESIAN_POINT('',(38.3999990858138,22.9999997168779,25.000000372529));
#5174=CARTESIAN_POINT('Origin',(40.8999990858138,36.9999993443489,25.000000372529));
#5175=CARTESIAN_POINT('',(40.8999990858138,36.9999993443489,25.000000372529));
#5176=CARTESIAN_POINT('',(40.8999990858138,36.9999993443489,15.000000372529));
#5177=CARTESIAN_POINT('',(40.8999990858138,36.9999993443489,30.6499997805804));
#5178=CARTESIAN_POINT('',(38.3999990858138,36.9999993443489,25.000000372529));
#5179=CARTESIAN_POINT('',(40.8999990858138,36.9999993443489,25.000000372529));
#5180=CARTESIAN_POINT('',(38.3999990858138,36.9999993443489,15.000000372529));
#5181=CARTESIAN_POINT('',(38.3999990858138,36.9999993443489,11.6000002343208));
#5182=CARTESIAN_POINT('',(40.8999990858138,36.9999993443489,15.000000372529));
#5183=CARTESIAN_POINT('Origin',(40.8999990858138,34.9999993443489,25.000000372529));
#5184=CARTESIAN_POINT('',(40.8999990858138,34.9999993443489,25.000000372529));
#5185=CARTESIAN_POINT('',(40.8999990858138,19.9999996721745,25.000000372529));
#5186=CARTESIAN_POINT('',(38.3999990858138,34.9999993443489,25.000000372529));
#5187=CARTESIAN_POINT('',(40.8999990858138,34.9999993443489,25.000000372529));
#5188=CARTESIAN_POINT('',(38.3999990858138,19.9999996721745,25.000000372529));
#5189=CARTESIAN_POINT('Origin',(40.8999990858138,34.9999993443489,15.000000372529));
#5190=CARTESIAN_POINT('',(40.8999990858138,34.9999993443489,15.000000372529));
#5191=CARTESIAN_POINT('',(40.8999990858138,34.9999993443489,25.6499997805804));
#5192=CARTESIAN_POINT('',(38.3999990858138,34.9999993443489,15.000000372529));
#5193=CARTESIAN_POINT('',(40.8999990858138,34.9999993443489,15.000000372529));
#5194=CARTESIAN_POINT('',(38.3999990858138,34.9999993443489,6.60000023432076));
#5195=CARTESIAN_POINT('Origin',(40.8999990858138,36.9999993443489,15.000000372529));
#5196=CARTESIAN_POINT('',(40.8999990858138,20.9999996721745,15.000000372529));
#5197=CARTESIAN_POINT('',(38.3999990858138,20.9999996721745,15.000000372529));
#5198=CARTESIAN_POINT('Origin',(40.8999990858138,45.9999994784594,15.000000372529));
#5199=CARTESIAN_POINT('',(40.8999990858138,45.9999994784594,15.000000372529));
#5200=CARTESIAN_POINT('',(40.8999990858138,43.9999994784594,15.000000372529));
#5201=CARTESIAN_POINT('',(40.8999990858138,25.4999997392297,15.000000372529));
#5202=CARTESIAN_POINT('',(38.3999990858138,45.9999994784594,15.000000372529));
#5203=CARTESIAN_POINT('',(40.8999990858138,45.9999994784594,15.000000372529));
#5204=CARTESIAN_POINT('',(38.3999990858138,43.9999994784594,15.000000372529));
#5205=CARTESIAN_POINT('',(38.3999990858138,25.4999997392297,15.000000372529));
#5206=CARTESIAN_POINT('',(40.8999990858138,43.9999994784594,15.000000372529));
#5207=CARTESIAN_POINT('Origin',(40.8999990858138,45.9999994784594,25.000000372529));
#5208=CARTESIAN_POINT('',(40.8999990858138,45.9999994784594,25.000000372529));
#5209=CARTESIAN_POINT('',(40.8999990858138,45.9999994784594,30.6499997805804));
#5210=CARTESIAN_POINT('',(38.3999990858138,45.9999994784594,25.000000372529));
#5211=CARTESIAN_POINT('',(40.8999990858138,45.9999994784594,25.000000372529));
#5212=CARTESIAN_POINT('',(38.3999990858138,45.9999994784594,11.6000002343208));
#5213=CARTESIAN_POINT('Origin',(40.8999990858138,43.9999994784594,25.000000372529));
#5214=CARTESIAN_POINT('',(40.8999990858138,43.9999994784594,25.000000372529));
#5215=CARTESIAN_POINT('',(40.8999990858138,24.4999997392297,25.000000372529));
#5216=CARTESIAN_POINT('',(38.3999990858138,43.9999994784594,25.000000372529));
#5217=CARTESIAN_POINT('',(40.8999990858138,43.9999994784594,25.000000372529));
#5218=CARTESIAN_POINT('',(38.3999990858138,24.4999997392297,25.000000372529));
#5219=CARTESIAN_POINT('Origin',(40.8999990858138,43.9999994784594,15.000000372529));
#5220=CARTESIAN_POINT('',(40.8999990858138,43.9999994784594,25.6499997805804));
#5221=CARTESIAN_POINT('',(38.3999990858138,43.9999994784594,6.60000023432076));
#5222=CARTESIAN_POINT('Origin',(-20.2999995462596,43.0000006109476,25.000000372529));
#5223=CARTESIAN_POINT('',(-20.2999995462596,43.0000006109476,25.000000372529));
#5224=CARTESIAN_POINT('',(-20.2999995462596,41.0000006109476,25.000000372529));
#5225=CARTESIAN_POINT('',(-20.2999995462597,24.0000003054738,25.000000372529));
#5226=CARTESIAN_POINT('',(-17.7999995462596,43.0000006109476,25.000000372529));
#5227=CARTESIAN_POINT('',(-20.2999995462596,43.0000006109476,25.000000372529));
#5228=CARTESIAN_POINT('',(-17.7999995462596,41.0000006109476,25.000000372529));
#5229=CARTESIAN_POINT('',(-17.7999995462597,24.0000003054738,25.000000372529));
#5230=CARTESIAN_POINT('',(-20.2999995462596,41.0000006109476,25.000000372529));
#5231=CARTESIAN_POINT('Origin',(-20.2999995462596,43.0000006109476,15.000000372529));
#5232=CARTESIAN_POINT('',(-20.2999995462596,43.0000006109476,15.000000372529));
#5233=CARTESIAN_POINT('',(-20.2999995462596,43.0000006109476,5.35000023432075));
#5234=CARTESIAN_POINT('',(-17.7999995462596,43.0000006109476,15.000000372529));
#5235=CARTESIAN_POINT('',(-20.2999995462596,43.0000006109476,15.000000372529));
#5236=CARTESIAN_POINT('',(-17.7999995462597,43.0000006109476,24.3999997805804));
#5237=CARTESIAN_POINT('Origin',(-20.2999995462596,41.0000006109476,15.000000372529));
#5238=CARTESIAN_POINT('',(-20.2999995462596,41.0000006109476,15.000000372529));
#5239=CARTESIAN_POINT('',(-20.2999995462596,23.0000003054738,15.000000372529));
#5240=CARTESIAN_POINT('',(-17.7999995462596,41.0000006109476,15.000000372529));
#5241=CARTESIAN_POINT('',(-20.2999995462596,41.0000006109476,15.000000372529));
#5242=CARTESIAN_POINT('',(-17.7999995462596,23.0000003054738,15.000000372529));
#5243=CARTESIAN_POINT('Origin',(-20.2999995462596,41.0000006109476,25.000000372529));
#5244=CARTESIAN_POINT('',(-20.2999995462596,41.0000006109476,10.3500002343207));
#5245=CARTESIAN_POINT('',(-17.7999995462597,41.0000006109476,29.3999997805804));
#5246=CARTESIAN_POINT('Origin',(-20.2999995462596,40.0000005662441,25.000000372529));
#5247=CARTESIAN_POINT('',(-20.2999995462596,40.0000005662441,25.000000372529));
#5248=CARTESIAN_POINT('',(-20.2999995462596,38.0000005662441,25.000000372529));
#5249=CARTESIAN_POINT('',(-20.2999995462597,22.5000002831221,25.000000372529));
#5250=CARTESIAN_POINT('',(-17.7999995462596,40.0000005662441,25.000000372529));
#5251=CARTESIAN_POINT('',(-20.2999995462596,40.0000005662441,25.000000372529));
#5252=CARTESIAN_POINT('',(-17.7999995462596,38.0000005662441,25.000000372529));
#5253=CARTESIAN_POINT('',(-17.7999995462597,22.5000002831221,25.000000372529));
#5254=CARTESIAN_POINT('',(-20.2999995462596,38.0000005662441,25.000000372529));
#5255=CARTESIAN_POINT('Origin',(-20.2999995462596,40.0000005662441,15.000000372529));
#5256=CARTESIAN_POINT('',(-20.2999995462596,40.0000005662441,15.000000372529));
#5257=CARTESIAN_POINT('',(-20.2999995462596,40.0000005662441,5.35000023432075));
#5258=CARTESIAN_POINT('',(-17.7999995462596,40.0000005662441,15.000000372529));
#5259=CARTESIAN_POINT('',(-20.2999995462596,40.0000005662441,15.000000372529));
#5260=CARTESIAN_POINT('',(-17.7999995462597,40.0000005662441,24.3999997805804));
#5261=CARTESIAN_POINT('Origin',(-20.2999995462596,38.0000005662441,15.000000372529));
#5262=CARTESIAN_POINT('',(-20.2999995462596,38.0000005662441,15.000000372529));
#5263=CARTESIAN_POINT('',(-20.2999995462596,21.5000002831221,15.000000372529));
#5264=CARTESIAN_POINT('',(-17.7999995462596,38.0000005662441,15.000000372529));
#5265=CARTESIAN_POINT('',(-20.2999995462596,38.0000005662441,15.000000372529));
#5266=CARTESIAN_POINT('',(-17.7999995462596,21.5000002831221,15.000000372529));
#5267=CARTESIAN_POINT('Origin',(-20.2999995462596,38.0000005662441,25.000000372529));
#5268=CARTESIAN_POINT('',(-20.2999995462596,38.0000005662441,10.3500002343207));
#5269=CARTESIAN_POINT('',(-17.7999995462597,38.0000005662441,29.3999997805804));
#5270=CARTESIAN_POINT('Origin',(-20.2999995462596,46.0000006556511,25.000000372529));
#5271=CARTESIAN_POINT('',(-20.2999995462596,46.0000006556511,25.000000372529));
#5272=CARTESIAN_POINT('',(-20.2999995462596,44.0000006556511,25.000000372529));
#5273=CARTESIAN_POINT('',(-20.2999995462597,25.5000003278255,25.000000372529));
#5274=CARTESIAN_POINT('',(-17.7999995462596,46.0000006556511,25.000000372529));
#5275=CARTESIAN_POINT('',(-20.2999995462596,46.0000006556511,25.000000372529));
#5276=CARTESIAN_POINT('',(-17.7999995462596,44.0000006556511,25.000000372529));
#5277=CARTESIAN_POINT('',(-17.7999995462597,25.5000003278255,25.000000372529));
#5278=CARTESIAN_POINT('',(-20.2999995462596,44.0000006556511,25.000000372529));
#5279=CARTESIAN_POINT('Origin',(-20.2999995462596,46.0000006556511,15.000000372529));
#5280=CARTESIAN_POINT('',(-20.2999995462596,46.0000006556511,15.000000372529));
#5281=CARTESIAN_POINT('',(-20.2999995462596,46.0000006556511,5.35000023432075));
#5282=CARTESIAN_POINT('',(-17.7999995462596,46.0000006556511,15.000000372529));
#5283=CARTESIAN_POINT('',(-20.2999995462596,46.0000006556511,15.000000372529));
#5284=CARTESIAN_POINT('',(-17.7999995462597,46.0000006556511,24.3999997805804));
#5285=CARTESIAN_POINT('Origin',(-20.2999995462596,44.0000006556511,15.000000372529));
#5286=CARTESIAN_POINT('',(-20.2999995462596,44.0000006556511,15.000000372529));
#5287=CARTESIAN_POINT('',(-20.2999995462596,24.5000003278255,15.000000372529));
#5288=CARTESIAN_POINT('',(-17.7999995462596,44.0000006556511,15.000000372529));
#5289=CARTESIAN_POINT('',(-20.2999995462596,44.0000006556511,15.000000372529));
#5290=CARTESIAN_POINT('',(-17.7999995462596,24.5000003278255,15.000000372529));
#5291=CARTESIAN_POINT('Origin',(-20.2999995462596,44.0000006556511,25.000000372529));
#5292=CARTESIAN_POINT('',(-20.2999995462596,44.0000006556511,10.3500002343207));
#5293=CARTESIAN_POINT('',(-17.7999995462597,44.0000006556511,29.3999997805804));
#5294=CARTESIAN_POINT('Origin',(-20.2999995462596,37.0000005215406,25.000000372529));
#5295=CARTESIAN_POINT('',(-20.2999995462596,37.0000005215406,25.000000372529));
#5296=CARTESIAN_POINT('',(-20.2999995462596,35.0000005215406,25.000000372529));
#5297=CARTESIAN_POINT('',(-20.2999995462597,21.0000002607703,25.000000372529));
#5298=CARTESIAN_POINT('',(-17.7999995462596,37.0000005215406,25.000000372529));
#5299=CARTESIAN_POINT('',(-20.2999995462596,37.0000005215406,25.000000372529));
#5300=CARTESIAN_POINT('',(-17.7999995462596,35.0000005215406,25.000000372529));
#5301=CARTESIAN_POINT('',(-17.7999995462597,21.0000002607703,25.000000372529));
#5302=CARTESIAN_POINT('',(-20.2999995462596,35.0000005215406,25.000000372529));
#5303=CARTESIAN_POINT('Origin',(-20.2999995462596,37.0000005215406,15.000000372529));
#5304=CARTESIAN_POINT('',(-20.2999995462596,37.0000005215406,15.000000372529));
#5305=CARTESIAN_POINT('',(-20.2999995462596,37.0000005215406,5.35000023432075));
#5306=CARTESIAN_POINT('',(-17.7999995462596,37.0000005215406,15.000000372529));
#5307=CARTESIAN_POINT('',(-20.2999995462596,37.0000005215406,15.000000372529));
#5308=CARTESIAN_POINT('',(-17.7999995462597,37.0000005215406,24.3999997805804));
#5309=CARTESIAN_POINT('Origin',(-20.2999995462596,35.0000005215406,15.000000372529));
#5310=CARTESIAN_POINT('',(-20.2999995462596,35.0000005215406,15.000000372529));
#5311=CARTESIAN_POINT('',(-20.2999995462596,20.0000002607703,15.000000372529));
#5312=CARTESIAN_POINT('',(-17.7999995462596,35.0000005215406,15.000000372529));
#5313=CARTESIAN_POINT('',(-20.2999995462596,35.0000005215406,15.000000372529));
#5314=CARTESIAN_POINT('',(-17.7999995462596,20.0000002607703,15.000000372529));
#5315=CARTESIAN_POINT('Origin',(-20.2999995462596,35.0000005215406,25.000000372529));
#5316=CARTESIAN_POINT('',(-20.2999995462596,35.0000005215406,10.3500002343207));
#5317=CARTESIAN_POINT('',(-17.7999995462597,35.0000005215406,29.3999997805804));
#5318=CARTESIAN_POINT('Origin',(34.0999990858138,31.9999995529652,22.5000003352761));
#5319=CARTESIAN_POINT('',(35.3499990858138,31.9999995529652,22.5000003352761));
#5320=CARTESIAN_POINT('Origin',(34.0999990858138,31.9999995529652,22.5000003352761));
#5321=CARTESIAN_POINT('',(35.3499990858138,29.9999995529652,22.5000003352761));
#5322=CARTESIAN_POINT('',(35.3499990858138,31.9999995529652,22.5000003352761));
#5323=CARTESIAN_POINT('Origin',(34.0999990858138,29.9999995231628,22.5000003352761));
#5324=CARTESIAN_POINT('Origin',(38.3999990858138,31.9999995529652,25.000000372529));
#5325=CARTESIAN_POINT('',(38.3999990858138,31.9999995529652,20.0000002980232));
#5326=CARTESIAN_POINT('',(38.3999990858138,31.9999995529652,25.000000372529));
#5327=CARTESIAN_POINT('',(38.3999990858138,31.9999995529652,11.6000002343208));
#5328=CARTESIAN_POINT('',(30.3999990858138,31.9999995529652,20.0000002980232));
#5329=CARTESIAN_POINT('',(38.3999990858138,31.9999995529652,20.0000002980232));
#5330=CARTESIAN_POINT('',(30.3999990858138,31.9999995529652,25.000000372529));
#5331=CARTESIAN_POINT('',(30.3999990858138,31.9999995529652,20.0000002980232));
#5332=CARTESIAN_POINT('',(38.3999990858138,31.9999995529652,25.000000372529));
#5333=CARTESIAN_POINT('Origin',(38.3999990858138,29.9999995231628,25.000000372529));
#5334=CARTESIAN_POINT('',(38.3999990858138,29.9999995231628,25.000000372529));
#5335=CARTESIAN_POINT('',(38.3999990858138,17.4999997615814,25.000000372529));
#5336=CARTESIAN_POINT('',(30.3999990858138,29.9999995231628,25.000000372529));
#5337=CARTESIAN_POINT('',(30.3999990858138,31.9999995529652,25.000000372529));
#5338=CARTESIAN_POINT('',(38.3999990858138,29.9999995231628,25.000000372529));
#5339=CARTESIAN_POINT('Origin',(38.3999990858138,29.9999995231628,20.0000002980232));
#5340=CARTESIAN_POINT('',(38.3999990858138,29.9999995231628,20.0000002980232));
#5341=CARTESIAN_POINT('',(38.3999990858138,29.9999995231628,9.10000019706786));
#5342=CARTESIAN_POINT('',(30.3999990858138,29.9999995231628,20.0000002980232));
#5343=CARTESIAN_POINT('',(30.3999990858138,29.9999995231628,25.000000372529));
#5344=CARTESIAN_POINT('',(38.3999990858138,29.9999995231628,20.0000002980232));
#5345=CARTESIAN_POINT('Origin',(38.3999990858138,31.9999995529652,20.0000002980232));
#5346=CARTESIAN_POINT('',(38.3999990858138,18.4999997764826,20.0000002980232));
#5347=CARTESIAN_POINT('',(30.3999990858138,29.9999995231628,20.0000002980232));
#5348=CARTESIAN_POINT('Origin',(30.3999990858138,30.999999538064,22.5000003352761));
#5349=CARTESIAN_POINT('Origin',(-13.5000002011657,32.0000004768372,22.5000003352761));
#5350=CARTESIAN_POINT('',(-12.2500002011657,32.0000004768372,22.5000003352761));
#5351=CARTESIAN_POINT('Origin',(-13.5000002011657,32.0000004768372,22.5000003352761));
#5352=CARTESIAN_POINT('',(-12.2500002011657,30.0000004768372,22.5000003352761));
#5353=CARTESIAN_POINT('',(-12.2500002011657,32.0000004768372,22.5000003352761));
#5354=CARTESIAN_POINT('Origin',(-13.5000002011657,30.0000004470348,22.5000003352761));
#5355=CARTESIAN_POINT('Origin',(-17.7999995462596,30.0000004470348,25.000000372529));
#5356=CARTESIAN_POINT('',(-17.7999995462596,30.0000004470348,20.0000002980232));
#5357=CARTESIAN_POINT('',(-17.7999995462596,30.0000004470348,25.000000372529));
#5358=CARTESIAN_POINT('',(-17.7999995462597,30.0000004470348,29.3999997805804));
#5359=CARTESIAN_POINT('',(-9.79999954625965,30.0000004470348,20.0000002980232));
#5360=CARTESIAN_POINT('',(-17.7999995462596,30.0000004470348,20.0000002980232));
#5361=CARTESIAN_POINT('',(-9.79999954625965,30.0000004470348,25.000000372529));
#5362=CARTESIAN_POINT('',(-9.79999954625965,30.0000004470348,20.0000002980232));
#5363=CARTESIAN_POINT('',(-17.7999995462596,30.0000004470348,25.000000372529));
#5364=CARTESIAN_POINT('Origin',(-17.7999995462596,32.0000004768372,25.000000372529));
#5365=CARTESIAN_POINT('',(-17.7999995462596,32.0000004768372,25.000000372529));
#5366=CARTESIAN_POINT('',(-17.7999995462597,18.5000002384186,25.000000372529));
#5367=CARTESIAN_POINT('',(-9.79999954625965,32.0000004768372,25.000000372529));
#5368=CARTESIAN_POINT('',(-9.79999954625965,30.0000004470348,25.000000372529));
#5369=CARTESIAN_POINT('',(-17.7999995462596,32.0000004768372,25.000000372529));
#5370=CARTESIAN_POINT('Origin',(-17.7999995462596,32.0000004768372,20.0000002980232));
#5371=CARTESIAN_POINT('',(-17.7999995462596,32.0000004768372,20.0000002980232));
#5372=CARTESIAN_POINT('',(-17.7999995462597,32.0000004768372,26.8999997433275));
#5373=CARTESIAN_POINT('',(-9.79999954625965,32.0000004768372,20.0000002980232));
#5374=CARTESIAN_POINT('',(-9.79999954625965,32.0000004768372,25.000000372529));
#5375=CARTESIAN_POINT('',(-17.7999995462596,32.0000004768372,20.0000002980232));
#5376=CARTESIAN_POINT('Origin',(-17.7999995462596,30.0000004470348,20.0000002980232));
#5377=CARTESIAN_POINT('',(-17.7999995462597,17.5000002235174,20.0000002980232));
#5378=CARTESIAN_POINT('',(-9.79999954625965,32.0000004768372,20.0000002980232));
#5379=CARTESIAN_POINT('Origin',(-9.79999954625965,31.000000461936,22.5000003352761));
#5380=CARTESIAN_POINT('Origin',(-13.3350027330453,5.1,2.06999834030867));
#5381=CARTESIAN_POINT('',(-12.8659065928374,5.2,3.04291864643116));
#5382=CARTESIAN_POINT('',(-13.3600109075354,5.2,0.990183679345056));
#5383=CARTESIAN_POINT('Origin',(-13.3350027330453,5.2,2.06999834030867));
#5384=CARTESIAN_POINT('',(-13.3641790760681,5.,0.790226666528692));
#5385=CARTESIAN_POINT('Ctrl Pts',(-13.3600109075354,5.20000000000003,0.990183679345022));
#5386=CARTESIAN_POINT('Ctrl Pts',(-13.360364277059,5.18333333333336,0.973520727445786));
#5387=CARTESIAN_POINT('Ctrl Pts',(-13.3607161410523,5.16666666666669,0.956857742148958));
#5388=CARTESIAN_POINT('Ctrl Pts',(-13.3614168579688,5.13333333333336,0.923531705168209));
#5389=CARTESIAN_POINT('Ctrl Pts',(-13.3617657108921,5.11666666666669,0.906868653484288));
#5390=CARTESIAN_POINT('Ctrl Pts',(-13.3624604056597,5.08333333333335,0.873542484137445));
#5391=CARTESIAN_POINT('Ctrl Pts',(-13.3628062475039,5.06666666666668,0.856879366474522));
#5392=CARTESIAN_POINT('Ctrl Pts',(-13.3634949201044,5.03333333333334,0.823553065577766));
#5393=CARTESIAN_POINT('Ctrl Pts',(-13.3638377508605,5.01666666666667,0.806889882343933));
#5394=CARTESIAN_POINT('Ctrl Pts',(-13.3641790760681,5.,0.790226666528692));
#5395=CARTESIAN_POINT('',(-12.7771810403113,5.,3.22217096066179));
#5396=CARTESIAN_POINT('Origin',(-13.3350027330453,5.,2.06999834030867));
#5397=CARTESIAN_POINT('Ctrl Pts',(-12.7771812004582,5.,3.22217104167945));
#5398=CARTESIAN_POINT('Ctrl Pts',(-12.8065057577916,5.06610230825948,3.16292647383553));
#5399=CARTESIAN_POINT('Ctrl Pts',(-12.8365303497697,5.13378221427912,3.1022676257143));
#5400=CARTESIAN_POINT('Ctrl Pts',(-12.8659065928374,5.2,3.04291864643116));
#5401=CARTESIAN_POINT('Origin',(-13.3400006908923,5.1,2.06999834030867));
#5402=CARTESIAN_POINT('',(-14.0569069197022,5.,1.00959955344675));
#5403=CARTESIAN_POINT('',(-13.946056748413,5.2,1.17607655069586));
#5404=CARTESIAN_POINT('Ctrl Pts',(-14.0569069197022,5.,1.00959955344675));
#5405=CARTESIAN_POINT('Ctrl Pts',(-14.0476512715291,5.01666666666667,1.02346065387788));
#5406=CARTESIAN_POINT('Ctrl Pts',(-14.038400154881,5.03333333333334,1.03732475293564));
#5407=CARTESIAN_POINT('Ctrl Pts',(-14.0199069875605,5.06666666666668,1.06505894386757));
#5408=CARTESIAN_POINT('Ctrl Pts',(-14.010664936888,5.08333333333334,1.07892903574173));
#5409=CARTESIAN_POINT('Ctrl Pts',(-13.9921899044427,5.11666666666668,1.10667520786829));
#5410=CARTESIAN_POINT('Ctrl Pts',(-13.9829569226698,5.13333333333335,1.1205512881207));
#5411=CARTESIAN_POINT('Ctrl Pts',(-13.9645000309453,5.16666666666669,1.14830943256433));
#5412=CARTESIAN_POINT('Ctrl Pts',(-13.9552761209938,5.18333333333336,1.16219149675555));
#5413=CARTESIAN_POINT('Ctrl Pts',(-13.946056748413,5.20000000000003,1.17607655069583));
#5414=CARTESIAN_POINT('Origin',(-13.3400006908923,5.,2.06999834030867));
#5415=CARTESIAN_POINT('Origin',(-13.3400006908923,5.2,2.06999834030867));
#5416=CARTESIAN_POINT('Origin',(-13.3550006343285,5.1,2.0800000987947));
#5417=CARTESIAN_POINT('Origin',(-13.3550006343285,5.2,2.0800000987947));
#5418=CARTESIAN_POINT('Origin',(-13.3550006343285,5.,2.0800000987947));
#5419=CARTESIAN_POINT('Origin',(-13.3400006908923,5.,2.06999834030867));
#5420=CARTESIAN_POINT('',(-13.3600109075354,6.99999999999999,0.990183679344988));
#5421=CARTESIAN_POINT('',(-13.3600109075354,5.,0.990183679345056));
#5422=CARTESIAN_POINT('',(-13.946056748413,6.99999999999999,1.17607655069586));
#5423=CARTESIAN_POINT('Origin',(-13.3400006908923,6.99999999999999,2.06999834030867));
#5424=CARTESIAN_POINT('',(-13.946056748413,5.,1.17607655069586));
#5425=CARTESIAN_POINT('Origin',(-13.3350027330453,5.,2.06999834030867));
#5426=CARTESIAN_POINT('',(-12.8659065928374,6.99999999999999,3.04291864643112));
#5427=CARTESIAN_POINT('',(-12.8659065928374,5.,3.04291864643116));
#5428=CARTESIAN_POINT('Origin',(-13.3350027330453,6.99999999999999,2.06999834030867));
#5429=CARTESIAN_POINT('Origin',(10.2999997697771,5.,15.9999996423721));
#5430=CARTESIAN_POINT('',(-11.2600026819855,5.,4.14999935179949));
#5431=CARTESIAN_POINT('',(-11.2600026819855,5.,2.06999834030867));
#5432=CARTESIAN_POINT('',(-13.3500006627291,5.,4.14999935179949));
#5433=CARTESIAN_POINT('',(-11.2600026819855,5.,4.14999935179949));
#5434=CARTESIAN_POINT('',(-15.4151069459911,5.,4.15000039488077));
#5435=CARTESIAN_POINT('',(-15.4151069459911,5.,4.15000039488077));
#5436=CARTESIAN_POINT('',(-15.4151069459911,5.,2.06999834030866));
#5437=CARTESIAN_POINT('Origin',(29.6412514078838,5.1,2.07875009873533));
#5438=CARTESIAN_POINT('',(29.1358542129,5.2,1.12571446936543));
#5439=CARTESIAN_POINT('',(28.9927173276703,5.2,2.94078651464089));
#5440=CARTESIAN_POINT('Origin',(29.6412514078838,5.2,2.07875009873533));
#5441=CARTESIAN_POINT('',(28.8722021683529,5.,3.10039916417074));
#5442=CARTESIAN_POINT('Ctrl Pts',(28.9927173276702,5.20000000000002,2.94078651464091));
#5443=CARTESIAN_POINT('Ctrl Pts',(28.9826780083471,5.18333333333335,2.95409029004541));
#5444=CARTESIAN_POINT('Ctrl Pts',(28.9726377862767,5.16666666666668,2.96739338525311));
#5445=CARTESIAN_POINT('Ctrl Pts',(28.9525555367798,5.13333333333335,2.99399821509124));
#5446=CARTESIAN_POINT('Ctrl Pts',(28.9425135093533,5.11666666666668,3.00729994972166));
#5447=CARTESIAN_POINT('Ctrl Pts',(28.9224276492826,5.08333333333334,3.03390205822154));
#5448=CARTESIAN_POINT('Ctrl Pts',(28.9123838166383,5.06666666666667,3.04720243209099));
#5449=CARTESIAN_POINT('Ctrl Pts',(28.8922943462705,5.03333333333334,3.07380181888526));
#5450=CARTESIAN_POINT('Ctrl Pts',(28.882248708547,5.01666666666667,3.08710083181007));
#5451=CARTESIAN_POINT('Ctrl Pts',(28.8722021683529,5.,3.10039916417074));
#5452=CARTESIAN_POINT('',(29.0404638665667,5.,0.949919786475699));
#5453=CARTESIAN_POINT('Origin',(29.6412514078838,5.,2.07875009873533));
#5454=CARTESIAN_POINT('Ctrl Pts',(29.0404639100191,5.,0.949919762441389));
#5455=CARTESIAN_POINT('Ctrl Pts',(29.0719909478939,5.06610149250929,1.00802086275415));
#5456=CARTESIAN_POINT('Ctrl Pts',(29.1042715461321,5.13378264865189,1.06751073992312));
#5457=CARTESIAN_POINT('Ctrl Pts',(29.1358542129,5.19999999999998,1.12571446936545));
#5458=CARTESIAN_POINT('Origin',(29.6599993091077,5.1,2.06999834030867));
#5459=CARTESIAN_POINT('',(29.6358209278681,5.,0.79022666645368));
#5460=CARTESIAN_POINT('Origin',(29.6599993091077,5.,2.06999834030867));
#5461=CARTESIAN_POINT('',(29.6399890925367,5.2,0.990183679343719));
#5462=CARTESIAN_POINT('Ctrl Pts',(29.6358209278681,5.,0.79022666645368));
#5463=CARTESIAN_POINT('Ctrl Pts',(29.6361742978291,5.01666666666667,0.806889631192083));
#5464=CARTESIAN_POINT('Ctrl Pts',(29.636526162069,5.03333333333333,0.823552626119882));
#5465=CARTESIAN_POINT('Ctrl Pts',(29.6372268790989,5.06666666666667,0.856878675946091));
#5466=CARTESIAN_POINT('Ctrl Pts',(29.6375757318889,5.08333333333333,0.873541730844501));
#5467=CARTESIAN_POINT('Ctrl Pts',(29.6382704260109,5.11666666666667,0.90686790020375));
#5468=CARTESIAN_POINT('Ctrl Pts',(29.6386162673429,5.13333333333333,0.923531014664589));
#5469=CARTESIAN_POINT('Ctrl Pts',(29.6393049385412,5.16666666666667,0.956857302740515));
#5470=CARTESIAN_POINT('Ctrl Pts',(29.6396477684074,5.18333333333333,0.973520476355601));
#5471=CARTESIAN_POINT('Ctrl Pts',(29.6399890925367,5.2,0.990183679343719));
#5472=CARTESIAN_POINT('Origin',(29.6599993091077,5.2,2.06999834030867));
#5473=CARTESIAN_POINT('Origin',(29.6649972669547,5.1,2.06999834030867));
#5474=CARTESIAN_POINT('',(30.1340934071614,5.2,3.04291864643176));
#5475=CARTESIAN_POINT('Origin',(29.6649972669547,5.2,2.06999834030867));
#5476=CARTESIAN_POINT('',(30.2228189596872,5.,3.22217096066252));
#5477=CARTESIAN_POINT('Origin',(29.6649972669547,5.,2.06999834030867));
#5478=CARTESIAN_POINT('Ctrl Pts',(30.2228187995441,5.,3.22217104167831));
#5479=CARTESIAN_POINT('Ctrl Pts',(30.1934942376508,5.06610231853815,3.16292646462211));
#5480=CARTESIAN_POINT('Ctrl Pts',(30.1634696487876,5.13378221752814,3.10226762280295));
#5481=CARTESIAN_POINT('Ctrl Pts',(30.1340934071614,5.2,3.04291864643176));
#5482=CARTESIAN_POINT('Origin',(29.6449993656715,5.1,2.0800000987947));
#5483=CARTESIAN_POINT('Origin',(29.6449993656715,5.2,2.0800000987947));
#5484=CARTESIAN_POINT('Origin',(29.6449993656715,5.,2.0800000987947));
#5485=CARTESIAN_POINT('Origin',(29.6449993656715,5.,2.0800000987947));
#5486=CARTESIAN_POINT('',(28.9927173276702,6.99999999999999,2.94078651464093));
#5487=CARTESIAN_POINT('',(28.9927173276703,5.,2.94078651464089));
#5488=CARTESIAN_POINT('',(30.1340934071614,6.99999999999999,3.04291864643179));
#5489=CARTESIAN_POINT('Origin',(29.6449993656715,6.99999999999999,2.0800000987947));
#5490=CARTESIAN_POINT('',(30.1340934071614,5.,3.04291864643176));
#5491=CARTESIAN_POINT('Origin',(29.6412514078838,5.,2.07875009873533));
#5492=CARTESIAN_POINT('',(29.1358542128998,6.99999999999999,1.12571446936508));
#5493=CARTESIAN_POINT('',(29.1358542129,5.,1.12571446936543));
#5494=CARTESIAN_POINT('Origin',(29.6412514078838,6.99999999999999,2.07875009873533));
#5495=CARTESIAN_POINT('Origin',(10.2999997697771,5.,15.9999996423721));
#5496=CARTESIAN_POINT('',(31.7399973180145,5.,4.14999935179949));
#5497=CARTESIAN_POINT('',(31.7399973180145,5.,2.06999834030867));
#5498=CARTESIAN_POINT('',(29.6499993372709,5.,4.14999935179949));
#5499=CARTESIAN_POINT('',(31.7399973180145,5.,4.14999935179949));
#5500=CARTESIAN_POINT('',(27.5848930540089,5.,4.15000039488077));
#5501=CARTESIAN_POINT('',(27.5848930540089,5.,4.15000039488077));
#5502=CARTESIAN_POINT('',(27.5848930540089,5.,2.06999834030866));
#5503=CARTESIAN_POINT('Origin',(29.635001407587,5.1,30.0800014287233));
#5504=CARTESIAN_POINT('',(28.5548971946411,5.2,30.0800014287233));
#5505=CARTESIAN_POINT('Origin',(29.635001407587,5.2,30.0800014287233));
#5506=CARTESIAN_POINT('',(28.3548971946411,5.,30.0800014287233));
#5507=CARTESIAN_POINT('',(28.4548971946411,5.1,30.0800014287233));
#5508=CARTESIAN_POINT('Origin',(29.635001407587,5.,30.0800014287233));
#5509=CARTESIAN_POINT('Origin',(10.2999997697771,5.,15.9999996423721));
#5510=CARTESIAN_POINT('',(31.7151056205328,5.,33.7999991886318));
#5511=CARTESIAN_POINT('',(27.5600013565272,5.,33.7999991886318));
#5512=CARTESIAN_POINT('',(-3.7499998882413,5.,33.7999991886318));
#5513=CARTESIAN_POINT('',(27.5600013565272,5.,28.0000004172325));
#5514=CARTESIAN_POINT('',(27.5600013565272,5.,30.0800014287233));
#5515=CARTESIAN_POINT('',(29.6499993372709,5.,28.0000004172325));
#5516=CARTESIAN_POINT('',(27.5600013565272,5.,28.0000004172325));
#5517=CARTESIAN_POINT('',(31.7151056205328,5.,27.9999993741512));
#5518=CARTESIAN_POINT('',(31.7151056205328,5.,27.9999993741512));
#5519=CARTESIAN_POINT('',(31.7151056205328,5.,30.0800014287233));
#5520=CARTESIAN_POINT('Origin',(29.635001407587,5.,30.0800014287233));
#5521=CARTESIAN_POINT('',(28.5548971946411,6.99999999999999,30.0800014287233));
#5522=CARTESIAN_POINT('Origin',(29.635001407587,6.99999999999999,30.0800014287233));
#5523=CARTESIAN_POINT('',(28.5548971946411,5.,30.0800014287233));
#5524=CARTESIAN_POINT('Origin',(-13.364998592413,5.1,30.0800014287233));
#5525=CARTESIAN_POINT('',(-13.3358222493565,5.,28.8002297549441));
#5526=CARTESIAN_POINT('',(-13.3399904178945,5.2,29.0001867677603));
#5527=CARTESIAN_POINT('Ctrl Pts',(-13.3358222493565,5.,28.8002297549441));
#5528=CARTESIAN_POINT('Ctrl Pts',(-13.3361635745645,5.01666666666667,28.8168929707594));
#5529=CARTESIAN_POINT('Ctrl Pts',(-13.3365064053211,5.03333333333333,28.8335561539932));
#5530=CARTESIAN_POINT('Ctrl Pts',(-13.3371950779225,5.06666666666667,28.8668824548899));
#5531=CARTESIAN_POINT('Ctrl Pts',(-13.3375409197672,5.08333333333333,28.8835455725528));
#5532=CARTESIAN_POINT('Ctrl Pts',(-13.3382356145356,5.11666666666667,28.9168717418996));
#5533=CARTESIAN_POINT('Ctrl Pts',(-13.3385844674593,5.13333333333333,28.9335347935836));
#5534=CARTESIAN_POINT('Ctrl Pts',(-13.3392851843768,5.16666666666667,28.9668608305643));
#5535=CARTESIAN_POINT('Ctrl Pts',(-13.3396370483704,5.18333333333333,28.9835238158611));
#5536=CARTESIAN_POINT('Ctrl Pts',(-13.3399904178945,5.2,29.0001867677603));
#5537=CARTESIAN_POINT('',(-13.3399904178945,5.2,31.1598160896864));
#5538=CARTESIAN_POINT('Origin',(-13.364998592413,5.2,30.0800014287233));
#5539=CARTESIAN_POINT('',(-13.3358222493565,5.,31.3597731025025));
#5540=CARTESIAN_POINT('Ctrl Pts',(-13.3399904178945,5.2,31.1598160896864));
#5541=CARTESIAN_POINT('Ctrl Pts',(-13.3396370483704,5.18333333333333,31.1764790415856));
#5542=CARTESIAN_POINT('Ctrl Pts',(-13.3392851843768,5.16666666666667,31.1931420268824));
#5543=CARTESIAN_POINT('Ctrl Pts',(-13.3385844674593,5.13333333333333,31.2264680638631));
#5544=CARTESIAN_POINT('Ctrl Pts',(-13.3382356145356,5.11666666666667,31.243131115547));
#5545=CARTESIAN_POINT('Ctrl Pts',(-13.3375409197672,5.08333333333333,31.2764572848939));
#5546=CARTESIAN_POINT('Ctrl Pts',(-13.3371950779225,5.06666666666667,31.2931204025568));
#5547=CARTESIAN_POINT('Ctrl Pts',(-13.3365064053211,5.03333333333333,31.3264467034535));
#5548=CARTESIAN_POINT('Ctrl Pts',(-13.3361635745645,5.01666666666667,31.3431098866873));
#5549=CARTESIAN_POINT('Ctrl Pts',(-13.3358222493565,5.,31.3597731025025));
#5550=CARTESIAN_POINT('Origin',(-13.364998592413,5.,30.0800014287233));
#5551=CARTESIAN_POINT('Origin',(-13.3600006345659,5.1,30.0800014287233));
#5552=CARTESIAN_POINT('Origin',(-13.3600006345659,5.,30.0800014287233));
#5553=CARTESIAN_POINT('Origin',(-13.3600006345659,5.2,30.0800014287233));
#5554=CARTESIAN_POINT('Origin',(-13.364998592413,5.,30.0800014287233));
#5555=CARTESIAN_POINT('',(-13.3399904178945,6.99999999999999,29.0001867677603));
#5556=CARTESIAN_POINT('',(-13.3399904178945,5.,29.0001867677603));
#5557=CARTESIAN_POINT('',(-13.3399904178945,6.99999999999999,31.1598160896864));
#5558=CARTESIAN_POINT('Origin',(-13.364998592413,6.99999999999999,30.0800014287233));
#5559=CARTESIAN_POINT('',(-13.3399904178945,5.,31.1598160896864));
#5560=CARTESIAN_POINT('Origin',(10.2999997697771,5.,15.9999996423721));
#5561=CARTESIAN_POINT('',(-11.2848943794672,5.,33.7999991886318));
#5562=CARTESIAN_POINT('',(-15.4399986434728,5.,33.7999991886318));
#5563=CARTESIAN_POINT('',(-3.7499998882413,5.,33.7999991886318));
#5564=CARTESIAN_POINT('',(-15.4399986434728,5.,28.0000004172325));
#5565=CARTESIAN_POINT('',(-15.4399986434728,5.,30.0800014287233));
#5566=CARTESIAN_POINT('',(-13.3500006627291,5.,28.0000004172325));
#5567=CARTESIAN_POINT('',(-15.4399986434728,5.,28.0000004172325));
#5568=CARTESIAN_POINT('',(-11.2848943794672,5.,27.9999993741512));
#5569=CARTESIAN_POINT('',(-11.2848943794672,5.,27.9999993741512));
#5570=CARTESIAN_POINT('',(-11.2848943794672,5.,30.0800014287233));
#5571=CARTESIAN_POINT('Origin',(-13.36244651147,6.99999999999999,30.8999998029321));
#5572=CARTESIAN_POINT('',(-15.4399986434728,6.99999999999999,28.0000004172325));
#5573=CARTESIAN_POINT('',(-13.3500006627291,6.99999999999999,28.0000004172325));
#5574=CARTESIAN_POINT('',(-13.3562235870996,6.99999999999999,28.0000004172325));
#5575=CARTESIAN_POINT('',(-15.4399986434728,6.99999999999999,33.7999991886318));
#5576=CARTESIAN_POINT('',(-15.4399986434728,6.99999999999999,29.4500001100823));
#5577=CARTESIAN_POINT('',(-11.2848943794672,6.99999999999999,33.7999991886318));
#5578=CARTESIAN_POINT('',(-11.2848943794672,6.99999999999999,33.7999991886318));
#5579=CARTESIAN_POINT('',(-11.2848943794672,6.99999999999999,28.0000004172325));
#5580=CARTESIAN_POINT('',(-11.2848943794672,6.99999999999999,32.349999495782));
#5581=CARTESIAN_POINT('',(-12.3236711778607,6.99999999999999,27.9999998988354));
#5582=CARTESIAN_POINT('Origin',(-13.3600006345659,6.99999999999999,30.0800014287233));
#5583=CARTESIAN_POINT('Origin',(-13.3375548139883,6.99999999999999,1.17499972395598));
#5584=CARTESIAN_POINT('',(-15.4151069459911,6.99999999999999,4.14999935179948));
#5585=CARTESIAN_POINT('',(-15.4151069459911,6.99999999999999,-0.312500089965776));
#5586=CARTESIAN_POINT('',(-13.3500006583331,6.99999999999999,4.14999935179948));
#5587=CARTESIAN_POINT('',(-14.3763301286564,6.99999999999999,4.14999987019656));
#5588=CARTESIAN_POINT('',(-11.2600026819855,6.99999999999999,4.14999935179948));
#5589=CARTESIAN_POINT('',(-13.3437777383587,6.99999999999999,4.14999935179949));
#5590=CARTESIAN_POINT('',(-11.2600026819855,6.99999999999999,2.66249953787773));
#5591=CARTESIAN_POINT('Origin',(-13.3550006343285,6.99999999999999,2.0800000987947));
#5592=CARTESIAN_POINT('Origin',(29.63755348853,6.99999999999999,30.8999998029321));
#5593=CARTESIAN_POINT('',(27.5600013565272,6.99999999999999,28.0000004172325));
#5594=CARTESIAN_POINT('',(29.6499993372709,6.99999999999999,28.0000004172325));
#5595=CARTESIAN_POINT('',(29.6437764129004,6.99999999999999,28.0000004172325));
#5596=CARTESIAN_POINT('',(27.5600013565272,6.99999999999999,33.7999991886318));
#5597=CARTESIAN_POINT('',(27.5600013565272,6.99999999999999,29.4500001100823));
#5598=CARTESIAN_POINT('',(31.7151056205328,6.99999999999999,33.7999991886318));
#5599=CARTESIAN_POINT('',(31.7151056205328,6.99999999999999,33.7999991886318));
#5600=CARTESIAN_POINT('',(31.7151056205328,6.99999999999999,28.0000004172325));
#5601=CARTESIAN_POINT('',(31.7151056205328,6.99999999999999,32.349999495782));
#5602=CARTESIAN_POINT('',(30.6763288221393,6.99999999999999,27.9999998988354));
#5603=CARTESIAN_POINT('Origin',(29.6624451860117,6.99999999999999,1.17499972395599));
#5604=CARTESIAN_POINT('',(27.5848930540089,6.99999999999999,4.14999935179948));
#5605=CARTESIAN_POINT('',(27.5848930540089,6.99999999999999,-0.312500089965765));
#5606=CARTESIAN_POINT('',(29.6499993416669,6.99999999999999,4.14999935179948));
#5607=CARTESIAN_POINT('',(28.6236698713436,6.99999999999999,4.14999987019656));
#5608=CARTESIAN_POINT('',(31.7399973180145,6.99999999999999,4.14999935179948));
#5609=CARTESIAN_POINT('',(29.6562222616413,6.99999999999999,4.14999935179949));
#5610=CARTESIAN_POINT('',(31.7399973180145,6.99999999999999,2.66249953787774));
#5611=CARTESIAN_POINT('',(29.6399890925367,6.99999999999999,0.990183679343313));
#5612=CARTESIAN_POINT('Origin',(29.6599993091077,6.99999999999999,2.06999834030867));
#5613=CARTESIAN_POINT('Origin',(29.6649972669547,6.99999999999999,2.06999834030867));
#5614=CARTESIAN_POINT('Origin',(-13.3600006345659,5.,30.0800014287233));
#5615=CARTESIAN_POINT('Origin',(-15.4399986434728,5.,28.0000004172325));
#5616=CARTESIAN_POINT('',(-15.4399986434728,5.,28.0000004172325));
#5617=CARTESIAN_POINT('',(-15.4399986434728,5.,33.7999991886318));
#5618=CARTESIAN_POINT('Origin',(-13.3500006627291,5.,28.0000004172325));
#5619=CARTESIAN_POINT('',(-13.3500006627291,5.,28.0000004172325));
#5620=CARTESIAN_POINT('Origin',(-11.2848943794672,5.,27.9999993741512));
#5621=CARTESIAN_POINT('',(-11.2848943794672,5.,27.9999993741512));
#5622=CARTESIAN_POINT('Origin',(-13.3550006343285,5.,2.0800000987947));
#5623=CARTESIAN_POINT('Origin',(-15.4151069459911,5.,-1.79999990388753));
#5624=CARTESIAN_POINT('',(-15.4151069459911,5.,4.15000039488077));
#5625=CARTESIAN_POINT('Origin',(27.5600013565272,5.,28.0000004172325));
#5626=CARTESIAN_POINT('',(27.5600013565272,5.,28.0000004172325));
#5627=CARTESIAN_POINT('',(27.5600013565272,5.,33.7999991886318));
#5628=CARTESIAN_POINT('Origin',(29.6499993372709,5.,28.0000004172325));
#5629=CARTESIAN_POINT('',(29.6499993372709,5.,28.0000004172325));
#5630=CARTESIAN_POINT('Origin',(31.7151056205328,5.,27.9999993741512));
#5631=CARTESIAN_POINT('',(31.7151056205328,5.,27.9999993741512));
#5632=CARTESIAN_POINT('Origin',(29.6649972669547,5.,2.06999834030867));
#5633=CARTESIAN_POINT('',(29.6399890925367,5.,0.990183679343719));
#5634=CARTESIAN_POINT('Origin',(29.6599993091077,5.,2.06999834030867));
#5635=CARTESIAN_POINT('Origin',(27.5848930540089,5.,-1.79999990388751));
#5636=CARTESIAN_POINT('',(27.5848930540089,5.,4.15000039488077));
#5637=CARTESIAN_POINT('Origin',(38.3999990858138,5.,33.7999991886318));
#5638=CARTESIAN_POINT('',(38.3999990858138,5.,33.7999991886318));
#5639=CARTESIAN_POINT('',(-17.7999995462597,5.,33.7999991886318));
#5640=CARTESIAN_POINT('',(-11.2848943794672,5.,33.7999991886318));
#5641=CARTESIAN_POINT('',(31.7151056205328,5.,33.7999991886318));
#5642=CARTESIAN_POINT('Origin',(38.3999990858138,5.,-1.79999990388751));
#5643=CARTESIAN_POINT('Origin',(31.7399973180145,5.,4.14999935179949));
#5644=CARTESIAN_POINT('',(31.7399973180145,5.,4.14999935179949));
#5645=CARTESIAN_POINT('Origin',(29.6499993372709,5.,4.14999935179949));
#5646=CARTESIAN_POINT('',(29.6499993372709,5.,4.14999935179949));
#5647=CARTESIAN_POINT('Origin',(27.5848930540089,5.,4.15000039488077));
#5648=CARTESIAN_POINT('Origin',(-11.2600026819855,5.,4.14999935179949));
#5649=CARTESIAN_POINT('',(-11.2600026819855,5.,4.14999935179949));
#5650=CARTESIAN_POINT('Origin',(-13.3500006627291,5.,4.14999935179949));
#5651=CARTESIAN_POINT('',(-13.3500006627291,5.,4.14999935179949));
#5652=CARTESIAN_POINT('Origin',(-15.4151069459911,5.,4.15000039488077));
#5653=CARTESIAN_POINT('Origin',(-17.7999995462597,5.,33.7999991886318));
#5654=CARTESIAN_POINT('Origin',(-11.2848943794672,5.,33.7999991886318));
#5655=CARTESIAN_POINT('Origin',(31.7151056205328,5.,33.7999991886318));
#5656=CARTESIAN_POINT('Origin',(-20.2999995462596,5.,-4.29999990388753));
#5657=CARTESIAN_POINT('',(-20.2999995462596,5.,-4.29999990388753));
#5658=CARTESIAN_POINT('Origin',(40.8999990858138,5.,-4.29999990388751));
#5659=CARTESIAN_POINT('',(40.8999990858138,5.,-4.29999990388751));
#5660=CARTESIAN_POINT('Origin',(40.8999990858138,5.,36.2999991886318));
#5661=CARTESIAN_POINT('Origin',(7.23945821670739,57.,-2.26000001234934));
#5662=CARTESIAN_POINT('',(7.23945821670739,57.,-2.26000001234934));
#5663=CARTESIAN_POINT('',(13.1800856376821,57.,-2.26000001234934));
#5664=CARTESIAN_POINT('',(8.76972899324222,57.,-2.26000001234934));
#5665=CARTESIAN_POINT('',(7.23945821670739,55.,-2.26000001234934));
#5666=CARTESIAN_POINT('',(7.23945821670739,57.,-2.26000001234934));
#5667=CARTESIAN_POINT('',(13.1800856376821,55.,-2.26000001234934));
#5668=CARTESIAN_POINT('',(8.76972899324222,55.,-2.26000001234934));
#5669=CARTESIAN_POINT('',(13.1800856376821,57.,-2.26000001234934));
#5670=CARTESIAN_POINT('Origin',(7.32085400625848,57.,1.0200000484474));
#5671=CARTESIAN_POINT('',(7.23945821670739,57.,4.30000010924414));
#5672=CARTESIAN_POINT('Origin',(7.32085400625848,57.,1.0200000484474));
#5673=CARTESIAN_POINT('',(7.23945821670739,55.,4.30000010924414));
#5674=CARTESIAN_POINT('',(7.23945821670739,57.,4.30000010924414));
#5675=CARTESIAN_POINT('Origin',(7.32085400625848,55.,1.0200000484474));
#5676=CARTESIAN_POINT('Origin',(13.1800856376821,57.,4.30000010924414));
#5677=CARTESIAN_POINT('',(13.1800856376821,57.,4.30000010924414));
#5678=CARTESIAN_POINT('',(11.7400427037296,57.,4.30000010924414));
#5679=CARTESIAN_POINT('',(13.1800856376821,55.,4.30000010924414));
#5680=CARTESIAN_POINT('',(13.1800856376821,57.,4.30000010924414));
#5681=CARTESIAN_POINT('',(11.7400427037296,55.,4.30000010924414));
#5682=CARTESIAN_POINT('Origin',(13.0999085530009,57.,1.0200000484474));
#5683=CARTESIAN_POINT('Origin',(13.0999085530009,57.,1.0200000484474));
#5684=CARTESIAN_POINT('Origin',(13.0999085530009,55.,1.0200000484474));
#5685=CARTESIAN_POINT('Origin',(-19.2999995462596,56.,35.2999991886318));
#5686=CARTESIAN_POINT('',(-20.2999995462596,56.,35.2999991886318));
#5687=CARTESIAN_POINT('',(-19.2999995462596,57.,35.2999991886318));
#5688=CARTESIAN_POINT('Origin',(-19.2999995462596,56.,35.2999991886318));
#5689=CARTESIAN_POINT('',(-19.2999995462596,56.,36.2999991886318));
#5690=CARTESIAN_POINT('Origin',(-19.2999995462596,56.,35.2999991886318));
#5691=CARTESIAN_POINT('Origin',(-19.2999995462596,56.,35.2999991886318));
#5692=CARTESIAN_POINT('Origin',(-19.2999995462596,55.,35.2999991886318));
#5693=CARTESIAN_POINT('',(-20.2999995462596,55.,35.2999991886318));
#5694=CARTESIAN_POINT('',(-19.2999995462596,55.,36.2999991886318));
#5695=CARTESIAN_POINT('Origin',(-19.2999995462596,55.,35.2999991886318));
#5696=CARTESIAN_POINT('',(-19.2999995462596,55.,36.2999991886318));
#5697=CARTESIAN_POINT('',(-20.2999995462596,55.,35.2999991886318));
#5698=CARTESIAN_POINT('Origin',(39.8999990858138,56.,35.2999991886318));
#5699=CARTESIAN_POINT('',(39.8999990858138,56.,36.2999991886318));
#5700=CARTESIAN_POINT('',(39.8999990858138,57.,35.2999991886318));
#5701=CARTESIAN_POINT('Origin',(39.8999990858138,56.,35.2999991886318));
#5702=CARTESIAN_POINT('',(40.8999990858138,56.,35.2999991886318));
#5703=CARTESIAN_POINT('Origin',(39.8999990858138,56.,35.2999991886318));
#5704=CARTESIAN_POINT('Origin',(39.8999990858138,56.,35.2999991886318));
#5705=CARTESIAN_POINT('Origin',(39.8999990858138,55.,35.2999991886318));
#5706=CARTESIAN_POINT('',(39.8999990858138,55.,36.2999991886318));
#5707=CARTESIAN_POINT('',(40.8999990858138,55.,35.2999991886318));
#5708=CARTESIAN_POINT('Origin',(39.8999990858138,55.,35.2999991886318));
#5709=CARTESIAN_POINT('',(40.8999990858138,55.,35.2999991886318));
#5710=CARTESIAN_POINT('',(39.8999990858138,55.,36.2999991886318));
#5711=CARTESIAN_POINT('Origin',(39.8999990858138,56.,26.1499994155019));
#5712=CARTESIAN_POINT('',(40.8999990858138,56.,-4.29999990388753));
#5713=CARTESIAN_POINT('',(39.8999990858138,57.,-4.29999990388753));
#5714=CARTESIAN_POINT('Origin',(39.8999990858138,56.,-4.29999990388753));
#5715=CARTESIAN_POINT('',(39.8999990858138,57.,26.1499994155019));
#5716=CARTESIAN_POINT('',(40.8999990858138,56.,26.1499994155019));
#5717=CARTESIAN_POINT('Origin',(-4.99999988824129,56.,35.2999991886318));
#5718=CARTESIAN_POINT('',(-4.99999988824129,57.,35.2999991886318));
#5719=CARTESIAN_POINT('',(-4.99999988824129,56.,36.2999991886318));
#5720=CARTESIAN_POINT('Origin',(-19.2999995462596,56.,5.84999986924229));
#5721=CARTESIAN_POINT('',(-19.2999995462596,57.,-4.29999990388753));
#5722=CARTESIAN_POINT('',(-20.2999995462596,56.,-4.29999990388753));
#5723=CARTESIAN_POINT('Origin',(-19.2999995462596,56.,-4.29999990388753));
#5724=CARTESIAN_POINT('',(-20.2999995462596,56.,5.84999986924229));
#5725=CARTESIAN_POINT('',(-19.2999995462596,57.,5.84999986924229));
#5726=CARTESIAN_POINT('Origin',(-20.2999995462596,55.,-4.29999990388753));
#5727=CARTESIAN_POINT('',(-20.2999995462596,55.,-4.29999990388753));
#5728=CARTESIAN_POINT('',(-20.2999995462596,55.,-4.29999990388753));
#5729=CARTESIAN_POINT('',(-20.2999995462596,55.,36.2999991886318));
#5730=CARTESIAN_POINT('Origin',(10.2999997697771,55.,15.9999996423721));
#5731=CARTESIAN_POINT('',(40.8999990858138,55.,-4.29999990388753));
#5732=CARTESIAN_POINT('',(-20.2999995462596,55.,-4.29999990388753));
#5733=CARTESIAN_POINT('',(40.8999990858138,55.,-4.29999990388753));
#5734=CARTESIAN_POINT('',(40.8999990858138,55.,36.2999991886318));
#5735=CARTESIAN_POINT('',(31.8449993656715,55.,2.0800000987947));
#5736=CARTESIAN_POINT('Origin',(29.6449993656715,55.,2.0800000987947));
#5737=CARTESIAN_POINT('',(-11.164998592413,55.,30.0800014287233));
#5738=CARTESIAN_POINT('Origin',(-13.364998592413,55.,30.0800014287233));
#5739=CARTESIAN_POINT('',(31.835001407587,55.,30.0800014287233));
#5740=CARTESIAN_POINT('Origin',(29.635001407587,55.,30.0800014287233));
#5741=CARTESIAN_POINT('',(-11.1400006908923,55.,2.06999834030866));
#5742=CARTESIAN_POINT('Origin',(-13.3400006908923,55.,2.06999834030867));
#5743=CARTESIAN_POINT('Origin',(10.2999997697771,57.,15.9999996423721));
#5744=CARTESIAN_POINT('',(-20.2999995462596,57.,-4.29999990388753));
#5745=CARTESIAN_POINT('',(-10.664998592413,57.,30.0800014287233));
#5746=CARTESIAN_POINT('Origin',(-13.364998592413,57.,30.0800014287233));
#5747=CARTESIAN_POINT('',(32.3449993656715,57.,2.0800000987947));
#5748=CARTESIAN_POINT('Origin',(29.6449993656715,57.,2.0800000987947));
#5749=CARTESIAN_POINT('',(32.335001407587,57.,30.0800014287233));
#5750=CARTESIAN_POINT('Origin',(29.635001407587,57.,30.0800014287233));
#5751=CARTESIAN_POINT('',(-10.6400006908923,57.,2.06999834030866));
#5752=CARTESIAN_POINT('Origin',(-13.3400006908923,57.,2.06999834030867));
#5753=CARTESIAN_POINT('Origin',(40.8999990858138,55.,-4.29999990388753));
#5754=CARTESIAN_POINT('',(40.8999990858138,55.,-4.29999990388753));
#5755=CARTESIAN_POINT('Origin',(-13.364998592413,56.75,30.0800014287233));
#5756=CARTESIAN_POINT('',(-11.164998592413,56.5,30.0800014287233));
#5757=CARTESIAN_POINT('',(-10.914998592413,56.75,30.0800014287233));
#5758=CARTESIAN_POINT('Origin',(-13.364998592413,56.5,30.0800014287233));
#5759=CARTESIAN_POINT('Origin',(-13.364998592413,55.,30.0800014287233));
#5760=CARTESIAN_POINT('',(-11.164998592413,55.,30.0800014287233));
#5761=CARTESIAN_POINT('Origin',(-13.3400006908923,56.75,2.06999834030867));
#5762=CARTESIAN_POINT('',(-11.1400006908923,56.5,2.06999834030867));
#5763=CARTESIAN_POINT('',(-10.8900006908923,56.75,2.06999834030866));
#5764=CARTESIAN_POINT('Origin',(-13.3400006908923,56.5,2.06999834030867));
#5765=CARTESIAN_POINT('Origin',(-13.3400006908923,55.,2.06999834030867));
#5766=CARTESIAN_POINT('',(-11.1400006908923,55.,2.06999834030866));
#5767=CARTESIAN_POINT('Origin',(29.6449993656715,56.75,2.0800000987947));
#5768=CARTESIAN_POINT('',(31.8449993656715,56.5,2.0800000987947));
#5769=CARTESIAN_POINT('',(32.0949993656715,56.75,2.0800000987947));
#5770=CARTESIAN_POINT('Origin',(29.6449993656715,56.5,2.0800000987947));
#5771=CARTESIAN_POINT('Origin',(29.6449993656715,55.,2.0800000987947));
#5772=CARTESIAN_POINT('',(31.8449993656715,55.,2.0800000987947));
#5773=CARTESIAN_POINT('Origin',(29.635001407587,56.75,30.0800014287233));
#5774=CARTESIAN_POINT('',(31.835001407587,56.5,30.0800014287233));
#5775=CARTESIAN_POINT('',(32.085001407587,56.75,30.0800014287233));
#5776=CARTESIAN_POINT('Origin',(29.635001407587,56.5,30.0800014287233));
#5777=CARTESIAN_POINT('Origin',(29.635001407587,55.,30.0800014287233));
#5778=CARTESIAN_POINT('',(31.835001407587,55.,30.0800014287233));
#5779=CARTESIAN_POINT('Origin',(40.8999990858138,55.,36.2999991886318));
#5780=CARTESIAN_POINT('Origin',(-20.2999995462596,55.,36.2999991886318));
#5781=UNCERTAINTY_MEASURE_WITH_UNIT(LENGTH_MEASURE(0.01),#5785,
'DISTANCE_ACCURACY_VALUE',
'Maximum model space distance between geometric entities at asserted c
onnectivities');
#5782=UNCERTAINTY_MEASURE_WITH_UNIT(LENGTH_MEASURE(0.01),#5785,
'DISTANCE_ACCURACY_VALUE',
'Maximum model space distance between geometric entities at asserted c
onnectivities');
#5783=(
GEOMETRIC_REPRESENTATION_CONTEXT(3)
GLOBAL_UNCERTAINTY_ASSIGNED_CONTEXT((#5781))
GLOBAL_UNIT_ASSIGNED_CONTEXT((#5785,#5787,#5788))
REPRESENTATION_CONTEXT('','3D')
);
#5784=(
GEOMETRIC_REPRESENTATION_CONTEXT(3)
GLOBAL_UNCERTAINTY_ASSIGNED_CONTEXT((#5782))
GLOBAL_UNIT_ASSIGNED_CONTEXT((#5785,#5787,#5788))
REPRESENTATION_CONTEXT('','3D')
);
#5785=(
LENGTH_UNIT()
NAMED_UNIT(*)
SI_UNIT(.MILLI.,.METRE.)
);
#5786=(
LENGTH_UNIT()
NAMED_UNIT(*)
SI_UNIT($,.METRE.)
);
#5787=(
NAMED_UNIT(*)
PLANE_ANGLE_UNIT()
SI_UNIT($,.RADIAN.)
);
#5788=(
NAMED_UNIT(*)
SI_UNIT($,.STERADIAN.)
SOLID_ANGLE_UNIT()
);
#5789=SHAPE_DEFINITION_REPRESENTATION(#5790,#5791);
#5790=PRODUCT_DEFINITION_SHAPE('',$,#5793);
#5791=SHAPE_REPRESENTATION('',(#3507),#5783);
#5792=PRODUCT_DEFINITION_CONTEXT('part definition',#5797,'design');
#5793=PRODUCT_DEFINITION('AirLog (no components)',
'AirLog (no components)',#5794,#5792);
#5794=PRODUCT_DEFINITION_FORMATION('',$,#5799);
#5795=PRODUCT_RELATED_PRODUCT_CATEGORY('AirLog (no components)',
'AirLog (no components)',(#5799));
#5796=APPLICATION_PROTOCOL_DEFINITION('international standard',
'automotive_design',2009,#5797);
#5797=APPLICATION_CONTEXT(
'Core Data for Automotive Mechanical Design Process');
#5798=PRODUCT_CONTEXT('part definition',#5797,'mechanical');
#5799=PRODUCT('AirLog (no components)','AirLog (no components)',$,(#5798));
#5800=PRESENTATION_STYLE_ASSIGNMENT((#5802));
#5801=PRESENTATION_STYLE_ASSIGNMENT((#5803));
#5802=SURFACE_STYLE_USAGE(.BOTH.,#5804);
#5803=SURFACE_STYLE_USAGE(.BOTH.,#5805);
#5804=SURFACE_SIDE_STYLE('',(#5806));
#5805=SURFACE_SIDE_STYLE('',(#5807));
#5806=SURFACE_STYLE_FILL_AREA(#5808);
#5807=SURFACE_STYLE_FILL_AREA(#5809);
#5808=FILL_AREA_STYLE('Plastic - Matte (White)',(#5810));
#5809=FILL_AREA_STYLE('ABS (White)',(#5811));
#5810=FILL_AREA_STYLE_COLOUR('Plastic - Matte (White)',#5812);
#5811=FILL_AREA_STYLE_COLOUR('ABS (White)',#5813);
#5812=COLOUR_RGB('Plastic - Matte (White)',0.964705882352941,0.964705882352941,
0.952941176470588);
#5813=COLOUR_RGB('ABS (White)',0.952941176470588,0.533333333333333,0.0235294117647059);
ENDSEC;
END-ISO-10303-21;
